smartphone_id,artikelnummer,fabrikantcode,merk,naam,sat_categorie,sat_waarde,besturingssysteem,systeem_versie,hoogte,breedte,diepte,gewicht,kleur,materiaal,waterbestendig,ip_certificering,schokbestendig,geluidsweergave,werkgeheugen,opslagcapaciteit,geheugenkaartlezer,max_uitbreidgeheugen,simlock_vrij,type_sim,dual_sim,schermdiagonaal,resolutie_hoogte,resolutie_breedte,pixel_dichtheid,scherpte,schermtype,audiopoort
app_793664,793664,MQ6G2ZD/A,Apple,Apple iPhone 8 64GB Space Gray,D,"1,36 W/kg",iOS,iOS 11,"13,8 cm","6,7 cm","0,7 cm",148 g,Zwart,"Glas, Metaal",Ja,IP67,Nee,Stereo,2 GB,64 GB,Nee,0,Ja,Nano sim,Nee,"4,7 """,750 px,1334 px,326 ppi,HD Ready (720p),IPS - LCD,Nee
sam_788865,788865,SM-G960FZKDPHN,Samsung,Samsung Galaxy S9 64GB Zwart,A,"0,362 W/kg",Android,Android 8.0 Oreo,"14,77 cm","6,87 cm","0,85 cm",163 g,Zwart,"Glas, Metaal",Ja,IP68,Nee,Stereo,4 GB,64 GB,Ja,400 GB,Ja,Nano sim,Ja,"5,8 """,2960 px,1440 px,570 ppi,Quad HD (1440p),AMOLED,Ja
app_819326,819326,MT9H2ZD/A,Apple,Apple iPhone Xs 256 GB Space Gray,Nog niet bekend,0,iOS,iOS 12,"14,36 cm","7,09 cm","0,77 cm",177 g,Zwart,"Glas, Metaal",Ja,IP68,Nee,Stereo,4 GB,256 GB,Nee,0,Ja,Nano sim,Ja,"5,8 """,2436 px,1125 px,458 ppi,Quad HD (1440p),OLED,Nee
app_793665,793665,MQ6H2ZD/A,Apple,Apple iPhone 8 64GB Zilver,D,"1,36 W/kg",iOS,iOS 11,"13,8 cm","6,7 cm","0,7 cm",148 g,Zilver,"Glas, Metaal",Ja,IP67,Nee,Stereo,2 GB,64 GB,Nee,0,Ja,Nano sim,Nee,"4,7 """,750 px,1334 px,326 ppi,HD Ready (720p),IPS - LCD,Nee
app_793666,793666,MQ6J2ZD/A,Apple,Apple iPhone 8 64GB Goud,D,"1,36 W/kg",iOS,iOS 11,"13,8 cm","6,7 cm","0,7 cm",148 g,Goud,"Glas, Metaal",Ja,IP67,Nee,Stereo,2 GB,64 GB,Nee,0,Ja,Nano sim,Nee,"4,7 """,750 px,1334 px,326 ppi,HD Ready (720p),IPS - LCD,Nee
app_648317,648317,MN0W2ZD/A,Apple,Apple iPhone 6s 32GB Space Gray,C,"0,98 W/kg",iOS,iOS 11,"13,8 cm","6,7 cm","0,71 cm",143 g,Zwart,"Glas, Metaal",Nee,0,Nee,Mono,2 GB,32 GB,Nee,0,Ja,Nano sim,Nee,"4,7 """,1334 px,750 px,326 ppi,HD Ready (720p),IPS - LCD,Ja
app_819345,819345,MRY42ZD/A,Apple,Apple iPhone Xr 64 GB Zwart,Nog niet bekend,0,iOS,iOS 12,"15,09 cm","7,57 cm","0,83 cm",194 g,Zwart,"Glas, Metaal",Ja,IP67,Nee,Stereo,3 GB,64 GB,Nee,0,Ja,Nano sim,Ja,"6,1 """,1792 px,828 px,326 ppi,HD Ready (720p),IPS - LCD,Nee
app_793277,793277,MQAC2ZD/A,Apple,Apple iPhone X 64GB Space Gray,Nog niet bekend,0,iOS,iOS 11,"14,36 cm","7,09 cm","0,77 cm",174 g,Zwart,"Glas, Metaal",Ja,IP67,Nee,Stereo,3 GB,64 GB,Nee,0,Ja,Nano sim,Nee,"5,8 """,2436 px,1125 px,458 ppi,Quad HD (1440p),OLED,Nee
hua_824886,824886,51093GNB,Huawei,Huawei P Smart (2019) Zwart,C,"0,83 W/kg",Android,Android 9.0 Pie,"15,52 cm","7,34 cm","0,8 cm",160 g,Zwart,"Glas, Kunststof",Nee,0,Nee,Mono,3 GB,64 GB,Ja,512 GB,Ja,Nano sim,Ja,"6,21 inch",2340 px,1080 px,415 ppi,Full HD (1080p),IPS - LCD,Ja
sam_827023,827023,SM-G973FZKDPHN,Samsung,Samsung Galaxy S10 128GB Zwart,Nog niet bekend,0,Android,Android 9.0 Pie,"14,99 cm","7,04 cm","0,78 cm",157 g,Zwart,"Glas, Metaal",Ja,IP68,Nee,Stereo,8 GB,128 GB,Ja,512 GB,Ja,Nano sim,Ja,"6,1 inch",3040 px,1440 px,550 ppi,Quad HD (1440p),AMOLED,Ja
app_819300,819300,MT9E2ZD/A,Apple,Apple iPhone Xs 64 GB Space Gray,Nog niet bekend,0,iOS,iOS 12,"14,36 cm","7,09 cm","0,77 cm",177 g,Zwart,"Glas, Metaal",Ja,IP68,Nee,Stereo,4 GB,64 GB,Nee,0,Ja,Nano sim,Ja,"5,8 """,2436 px,1125 px,458 ppi,Quad HD (1440p),OLED,Nee
sam_820617,820617,SM-A750FZKUPHN,Samsung,Samsung Galaxy A7 (2018) Zwart,A,"0,335 W/kg",Android,Android 8.0 Oreo,"15,98 cm","7,68 cm","0,75 cm",168 g,Zwart,Glas,Nee,0,Nee,Stereo,4 GB,64 GB,Ja,512 GB,Ja,Nano sim,Ja,"6 """,2220 px,1080 px,411 ppi,Full HD (1080p),AMOLED,Ja
nok_825127,825127,11PNXL01A01,Nokia,Nokia 8.1 Blauw,E,"1,74 W/kg",Android,Android 9.0 Pie,"15,48 cm","7,58 cm","0,8 cm",180 g,Blauw,"Glas, Metaal",Nee,0,Nee,Mono,4 GB,64 GB,Ja,400 GB,Ja,Nano sim,Ja,"6,18 inch",2280 px,1080 px,408 ppi,Full HD (1080p),IPS - LCD,Ja
sam_802083,802083,SM-A530FZKDPHN,Samsung,Samsung Galaxy A8 (2018) Zwart,A,"0,241 W/kg",Android,Android 7.1 Nougat,"14,92 cm","7,06 cm","0,84 cm",172 g,Zwart,"Glas, Metaal",Ja,IP68,Nee,Mono,4 GB,32 GB,Ja,256 GB,Ja,Nano sim,Ja,"5,6 """,2220 px,1080 px,441 ppi,Full HD (1080p),AMOLED,Ja
app_713062,713062,MN8X2ZD/A,Apple,Apple iPhone 7 32GB Zwart,D,"1,38 W/kg",iOS,iOS 11,"13,83 cm","6,7 cm","0,71 cm",138 g,Zwart,"Glas, Metaal",Ja,IP67,Nee,Stereo,2 GB,32 GB,Nee,0,Ja,Nano sim,Nee,"4,7 """,1334 px,750 px,326 ppi,HD Ready (720p),IPS - LCD,Nee
sam_827074,827074,SM-G975FZKDPHN,Samsung,Samsung Galaxy S10 Plus 128 GB Zwart,Nog niet bekend,0,Android,Android 9.0 Pie,"15,76 cm","7,41 cm","0,78 cm",175 g,Zwart,"Glas, Metaal",Ja,IP68,Nee,Stereo,8 GB,128 GB,Ja,512 GB,Ja,Nano sim,Ja,"6,4 inch",3040 px,1440 px,522 ppi,Quad HD (1440p),AMOLED,Ja
sam_828145,828145,SM-A505FZKSPHN,Samsung,Samsung Galaxy A50 Zwart,Nog niet bekend,0,Android,Android 9.0 Pie,"15,58 cm","7,47 cm","0,77 cm",186 g,Zwart,Kunststof,Nee,0,Nee,Mono,4 GB,128 GB,Ja,512 GB,Ja,Nano sim,Ja,"6,4 inch",2340 px,1080 px,403 ppi,Full HD (1080p),AMOLED,Ja
sam_812915,812915,SM-J600FZKUPHN,Samsung,Samsung Galaxy J6 (2018) Zwart,C,"0,809 W/kg",Android,Android 8.0 Oreo,"14,93 cm","7,02 cm","0,82 cm",154 g,Zwart,"Kunststof, Metaal",Nee,,Nee,Mono,3 GB,32 GB,Ja,256 GB,Ja,Nano sim,Ja,"5,6 """,1480 px,720 px,293 ppi,HD Ready (720p),AMOLED,Ja
app_819304,819304,MT9J2ZD/A,Apple,Apple iPhone Xs 256 GB Zilver,Nog niet bekend,0,iOS,iOS 12,"14,36 cm","7,09 cm","0,77 cm",177 g,Zilver,"Glas, Metaal",Ja,IP68,Nee,Stereo,4 GB,256 GB,Nee,0,Ja,Nano sim,Ja,"5,8 """,2436 px,1125 px,458 ppi,Quad HD (1440p),OLED,Nee
sam_812160,812160,SM-A600FZKNPHN,Samsung,Samsung Galaxy A6 (2018) Zwart,B,"0,487 W/kg",Android,Android 8.0 Oreo,"14,99 cm","7,09 cm","0,77 cm",159 g,Zwart,Metaal,Nee,0,Nee,Mono,3 GB,32 GB,Ja,256 GB,Ja,Nano sim,Ja,"5,6 """,1480 px,720 px,293 ppi,HD Ready (720p),AMOLED,Ja
nok_827613,827613,11AOPL01A05,Nokia,Nokia 9 PureView Blauw,Nog niet bekend,0,Android,Android 9.0 Pie,"15,5 cm","7,5 cm","0,8 cm",172 g,Blauw,Metaal,Ja,IP67,Nee,Mono,6 GB,128 GB,Nee,0,Ja,Nano sim,Ja,"5,99 inch",2880 px,1440 px,538 ppi,Quad HD (1440p),OLED,Ja
app_819957,819957,MRY92ZD/A,Apple,Apple iPhone Xr 128 GB Zwart,Nog niet bekend,0,iOS,iOS 12,"15,09 cm","7,57 cm","0,83 cm",194 g,Zwart,"Glas, Metaal",Ja,IP67,Nee,Stereo,3 GB,128 GB,Nee,0,Ja,Nano sim,Ja,"6,1 """,1792 px,828 px,326 ppi,HD Ready (720p),IPS - LCD,Nee
app_819961,819961,MRYE2ZD/A,Apple,Apple iPhone Xr 128 GB RED,Nog niet bekend,0,iOS,iOS 12,"15,09 cm","7,57 cm","0,83 cm",194 g,Rood,"Glas, Metaal",Ja,IP67,Nee,Stereo,3 GB,128 GB,Nee,0,Ja,Nano sim,Ja,"6,1 """,1792 px,828 px,326 ppi,HD Ready (720p),IPS - LCD,Nee
nok_825131,825131,11PNXS01A01,Nokia,Nokia 8.1 Grijs,E,"1,74 W/kg",Android,Android 9.0 Pie,"15,48 cm","7,58 cm","0,8 cm",180 g,Grijs,"Glas, Metaal",Nee,0,Nee,Mono,4 GB,64 GB,Ja,400 GB,Ja,Nano sim,Ja,"6,18 inch",2280 px,1080 px,408 ppi,Full HD (1080p),IPS - LCD,Ja
mot_825937,825937,PAE90024NL,Motorola,Motorola Moto G7 Power Zwart,B,"0,491 W/kg",Android,Android 9.0 Pie,"15,94 cm","7,6 cm","0,93 cm",193 g,Zwart,Kunststof,Nee,0,Nee,Mono,4 GB,64 GB,Ja,256 GB,Ja,Nano sim,Ja,"6,2 inch",720 px,1520 px,294 ppi,HD Ready (720p),IPS - LCD,Ja
sam_820610,820610,SM-A750FZBUPHN,Samsung,Samsung Galaxy A7 (2018) Blauw,A,"0,335 W/kg",Android,Android 8.0 Oreo,"15,98 cm","76,8 cm","0,75 cm",168 g,Blauw,Glas,Nee,0,Nee,Stereo,4 GB,64 GB,Ja,512 GB,Ja,Nano sim,Ja,"6 """,2220 px,1080 px,411 ppi,Quad HD (1440p),AMOLED,Ja
app_733904,733904,MN8Y2ZD/A,Apple,Apple iPhone 7 32GB Zilver,D,"1,38 W/kg",iOS,iOS 11,"13,83 cm","6,7 cm","0,71 cm",138 g,Zilver,"Glas, Metaal",Ja,IP67,Nee,Stereo,2 GB,32 GB,Nee,0,Ja,Nano sim,Nee,"4,7 """,1334 px,750 px,326 ppi,HD Ready (720p),IPS - LCD,Nee
sam_773753,773753,SM-G390FZKAPHN,Samsung,Samsung Galaxy Xcover 4,B,"0,627 W/kg",Android,Android 7.0 Nougat,"146,2 mm","7,33 cm","0,97 cm",172 g,Zwart,Kunststof,Ja,IP68,Ja,Mono,2 GB,16 GB,Ja,256 GB,Ja,Micro sim,Nee,"5 """,1280 px,720 px,294 ppi,HD Ready (720p),IPS - LCD,Ja
hua_821689,821689,51092XAB,Huawei,Huawei Mate 20 Pro Zwart,C,"0,96 W/kg",Android,Android 9.0 Pie,"15,78 cm","7,23 cm","0,86 cm",189 g,Zwart,Glas,Ja,IP68,Nee,Stereo,6 GB,128 GB,Ja,256 GB,Ja,Nano sim,Ja,"6,3 """,3120 px,1440 px,538 ppi,Quad HD (1440p),OLED,Ja
hua_818778,818778,51092RAK,Huawei,Huawei Mate 20 Lite Zwart,Nog niet bekend,0,Android,Android 8.1 Oreo,"15,8 cm","7,5 cm","0,76 cm",172 g,Zwart,"Glas, Metaal",Nee,0,Nee,Stereo,4 GB,64 GB,Ja,256 GB,Ja,Nano sim,Ja,"6,3 """,1080 px,2340 px,409 ppi,Full HD (1080p),IPS - LCD,Ja
sam_820615,820615,SM-A750FZDUPHN,Samsung,Samsung Galaxy  A7 (2018) Goud,A,"0,335 W/kg",Android,Android 8.0 Oreo,"15,98 cm","7,68 cm","0,75 cm",168 g,Goud,Glas,Nee,0,Nee,Stereo,4 GB,64 GB,Ja,512 GB,Ja,Nano sim,Ja,"6 """,2220 px,1080 px,411 ppi,Quad HD (1440p),AMOLED,Ja
cat_793347,793347,CS41-DAB-EUR-EN,Cat,CAT S41,C,"1,08 W/kg",Android,Android 7.0 Nougat,15 cm,"7,5 cm","1,25 cm",218 g,Zwart,Kunststof,Ja,IP68,Ja,Mono,3 GB,32 GB,Ja,128 GB,Ja,Nano sim,Ja,"5 """,1920 px,1080 px,441 ppi,Full HD (1080p),TFT,Ja
app_793672,793672,MQ8L2ZD/A,Apple,Apple iPhone 8 Plus 64GB Space Gray,C,"0,99 W/kg",iOS,iOS 11,"15,8 cm","7,8 cm","0,7 cm",202 g,Zwart,"Glas, Metaal",Ja,IP67,Nee,Stereo,3 GB,64 GB,Nee,0,Ja,Nano sim,Nee,"5,5 """,1080 px,1920 px,401 ppi,Full HD (1080p),IPS - LCD,Nee
app_793651,793651,MQAF2ZD/A,Apple,Apple iPhone X 256GB Space Gray,Nog niet bekend,0,iOS,iOS 11,"14,36 cm","7,09 cm","0,77 cm",174 g,Zwart,"Glas, Metaal",Ja,IP67,Nee,Stereo,3 GB,256 GB,Nee,0,Ja,Nano sim,Nee,"5,8 """,2436 px,1125 px,458 ppi,Quad HD (1440p),OLED,Nee
sam_816237,816237,SM-N960FZKDPHN,Samsung,Samsung Galaxy Note 9 128GB Zwart,D,"1,509 W/kg",Android,Android 8.1 Oreo,"16,19 cm","7,64 cm","0,88 cm",201 g,Zwart,"Glas, Metaal",Ja,IP68,Nee,Stereo,6 GB,128 GB,Ja,512 GB,Ja,Nano sim,Ja,"6,4 """,1440 px,2960 px,516 ppi,Quad HD (1440p),AMOLED,Ja
sam_805190,805190,SM-G960FZBDPHN,Samsung,Samsung Galaxy S9 64GB Blauw,A,"0,362 W/kg",Android,Android 8.0 Oreo,"14,77 cm","6,87 cm","0,85 cm",163 g,Blauw,"Glas, Metaal",Ja,IP68,Nee,Stereo,4 GB,64 GB,Ja,400 GB,Ja,Nano sim,Ja,"5,8 """,2960 px,1440 px,570 ppi,Quad HD (1440p),AMOLED,Ja
hua_828432,828432,51093RTS,Huawei,Huawei P30 Pro 128GB Zwart,Nog niet bekend,0,Android,Android 9.0 Pie,"15,8 cm","7,34 cm","0,841 cm",192 g,Zwart,"Glas, Kunststof",Ja,IP68,Nee,Stereo,8 GB,128 GB,Ja,256 GB,Ja,Nano sim,Ja,"6,47 """,2340 px,1080 px,398 ppi,Full HD (1080p),OLED,Ja
mot_825941,825941,PADU0010NL,Motorola,Motorola Moto G7 Plus Blauw,B,"0,778 W/kg",Android,Android 9.0 Pie,"15,7 cm","7,53 cm","0,82 cm",172 g,Blauw,Kunststof,Ja,0,Nee,Mono,4 GB,64 GB,Ja,512 GB,Ja,Nano sim,Ja,"6,2 inch",2270 px,1080 px,403 ppi,Full HD (1080p),IPS - LCD,Ja
app_819332,819332,MT532ZD/A,Apple,Apple iPhone Xs Max 256 GB Space Gray,Nog niet bekend,0,iOS,iOS 12,"15,75 cm","7,74 cm","0,77 cm",208 g,Zwart,"Glas, Metaal",Ja,IP68,Nee,Stereo,4 GB,256 GB,Nee,0,Ja,Nano sim,Ja,"6,5 """,2688 px,1242 px,458 ppi,Quad HD (1440p),OLED,Nee
app_819950,819950,MRY62ZD/A,Apple,Apple iPhone Xr 64 GB RED,Nog niet bekend,0,iOS,iOS 12,"15,09 cm","7,57 cm","0,83 cm",194 g,Rood,"Glas, Metaal",Ja,IP67,Nee,Stereo,3 GB,64 GB,Nee,0,Ja,Nano sim,Ja,"6,1 """,1792 px,828 px,326 ppi,HD Ready (720p),IPS - LCD,Nee
app_819956,819956,MRYD2ZD/A,Apple,Apple iPhone Xr 128 GB Wit,Nog niet bekend,0,iOS,iOS 12,"15,09 cm","7,57 cm","0,83 cm",194 g,Wit,"Glas, Metaal",Ja,IP67,Nee,Stereo,3 GB,128 GB,Nee,0,Ja,Nano sim,Ja,"6,1 """,1792 px,828 px,326 ppi,HD Ready (720p),IPS - LCD,Nee
app_793610,793610,MQAD2ZD/A,Apple,Apple iPhone X 64GB Zilver,Nog niet bekend,0,iOS,iOS 11,"14,36 cm","7,09 cm","0,77 cm",174 g,Zilver,"Glas, Metaal",Ja,IP67,Nee,Stereo,3 GB,64 GB,Nee,0,Ja,Nano sim,Nee,"5,8 """,2436 px,1125 px,458 ppi,Quad HD (1440p),OLED,Nee
app_793663,793663,MQ7C2ZD/A,Apple,Apple iPhone 8 256GB Space Gray,D,"1,36 W/kg",iOS,iOS 11,"13,8 cm","6,7 cm","0,7 cm",148 g,Zwart,"Glas, Metaal",Ja,IP67,Nee,Stereo,2 GB,256 GB,Nee,0,Ja,Nano sim,Nee,"4,7 """,750 px,1334 px,326 ppi,HD Ready (720p),IPS - LCD,Nee
sam_728421,728421,SM-G950FZKAPHN,Samsung,Samsung Galaxy S8 Zwart,A,"0,32 W/kg",Android,Android 8.0 Oreo,"14,89 cm","6,8 cm","0,8 cm",152 g,Zwart,"Glas, Metaal",Ja,IP68,Nee,Mono,4 GB,64 GB,Ja,256 GB,Ja,Nano sim,Nee,"5,8 """,2960 px,1440 px,570 ppi,Quad HD (1440p),AMOLED,Ja
sam_805202,805202,SM-G965FZKDPHN,Samsung,Samsung Galaxy S9 Plus 64GB Zwart,A,"0,294 W/kg",Android,Android 9.0 Pie,"15,81 cm","7,38 cm","0,85 cm",189 g,Zwart,"Glas, Metaal",Ja,IP68,Nee,Stereo,6 GB,64 GB,Ja,400 GB,Ja,Nano sim,Ja,"6,2 """,2960 px,1440 px,529 ppi,Quad HD (1440p),AMOLED,Ja
app_819329,819329,MT502ZD/A,Apple,Apple iPhone Xs Max 64 GB Space Gray,Nog niet bekend,0,iOS,iOS 12,"15,75 cm","7,74 cm","0,77 cm",208 g,Zwart,"Glas, Metaal",Ja,IP68,Nee,Stereo,4 GB,64 GB,Nee,0,Ja,Nano sim,Ja,"6,5 """,2688 px,1242 px,458 ppi,Quad HD (1440p),OLED,Nee
app_733933,733933,MN922ZD/A,Apple,Apple iPhone 7 128GB Zwart,D,"1,38 W/kg",iOS,iOS 11,"13,83 cm","6,7 cm","0,71 cm",138 g,Zwart,"Glas, Metaal",Ja,IP67,Nee,Stereo,2 GB,128 GB,Nee,0,Ja,Nano sim,Nee,"4,7 """,1334 px,750 px,326 ppi,HD Ready (720p),IPS - LCD,Nee
sam_771943,771943,SM-G950FZSAPHN,Samsung,Samsung Galaxy S8 Zilver,A,"0,32 W/kg",Android,Android 8.0 Oreo,"14,89 cm","6,81 cm","0,8 cm",152 g,Zilver,"Glas, Metaal",Ja,IP68,Nee,Mono,4 GB,64 GB,Ja,256 GB,Ja,Nano sim,Nee,"5,8 """,2960 px,1440 px,570 ppi,Quad HD (1440p),AMOLED,Ja
app_819327,819327,MT9K2ZD/A,Apple,Apple iPhone Xs 256 GB Goud,Nog niet bekend,0,iOS,iOS 12,"14,36 cm","7,09 cm","0,77 cm",177 g,Goud,"Glas, Metaal",Ja,IP68,Nee,Stereo,4 GB,256 GB,Nee,0,Ja,Nano sim,Ja,"5,8 """,2436 px,1125 px,458 ppi,Quad HD (1440p),OLED,Nee
hua_824939,824939,51093GND,Huawei,Huawei P Smart (2019) Blauw,C,"0,83 W/kg",Android,Android 9.0 Pie,"15,52 cm","7,34 cm","0,8 cm",160 g,Blauw,"Glas, Kunststof",Nee,0,Nee,Mono,3 GB,64 GB,Ja,512 GB,Ja,Nano sim,Ja,"6,21 inch",2340 px,1080 px,415 ppi,Full HD (1080p),IPS - LCD,Ja
hua_821691,821691,51092XAD,Huawei,Huawei Mate 20 Pro Paars,C,"0,96 W/kg",Android,Android 9.0 Pie,"15,78 cm","7,23 cm","0,86 cm",189 g,Meerkleurig,Glas,Ja,IP68,Nee,Stereo,6 GB,128 GB,Ja,256 GB,Ja,Nano sim,Ja,"6,3 """,3120 px,1440 px,538 ppi,Quad HD (1440p),OLED,Ja
sam_782092,782092,SM-J530FZKAPHN,Samsung,Samsung Galaxy J5 (2017) Zwart,A,"0,349 W/kg",Android,Android 7.1 Nougat,"14,62 cm","7,13 cm","0,79 cm",150 g,Zwart,Metaal,Nee,0,Nee,Mono,2 GB,16 GB,Ja,256 GB,Ja,Nano sim,Nee,"5,2 """,1280 px,720 px,282 ppi,HD Ready (720p),AMOLED,Ja
hua_828512,828512,51093RUF,Huawei,Huawei P30 Pro 128GB Wit/Paars,Nog niet bekend,0,Android,Android 9.0 Pie,"15,8 cm","7,34 cm","0,841 cm",192 g,"Paars, Wit","Glas, Kunststof",Ja,IP68,Nee,Stereo,8 GB,128 GB,Ja,256 GB,Ja,Nano sim,Ja,"6,47 """,2340 px,1080 px,398 ppi,Full HD (1080p),OLED,Ja
app_819333,819333,MT552ZD/A,Apple,Apple iPhone Xs Max 256 GB Goud,Nog niet bekend,0,iOS,iOS 12,"15,75 cm","7,74 cm","0,77 cm",208 g,Goud,"Glas, Metaal",Ja,IP68,Nee,Stereo,4 GB,256 GB,Nee,0,Ja,Nano sim,Ja,"6,5 """,2688 px,1242 px,458 ppi,Quad HD (1440p),OLED,Nee
xia_825442,825442,MZB6758EU,Xiaomi,Xiaomi Pocophone F1 128GB Zwart,D,"1,582 W/kg",Android,Android 8.1 Oreo,"15,55 cm","7,53 cm","0,88 cm",180 g,Zwart,Kunststof,Nee,0,Nee,Mono,6 GB,128 GB,Ja,256 GB,Ja,Nano sim,Ja,"6,18 inch",2246 px,1080 px,403 ppi,Full HD (1080p),IPS - LCD,Ja
hua_828507,828507,51093NDV,Huawei,Huawei P30 Zwart,Nog niet bekend,0,Android,Android 9.0 Pie,"14,91 cm","7,136 cm","0,757 cm",165 g,Zwart,"Glas, Kunststof",Ja,IP53,Nee,Stereo,6 GB,128 GB,Ja,256 GB,Ja,Nano sim,Ja,"6,1 """,2340 px,1080 px,422 ppi,Full HD (1080p),OLED,Ja
mot_805281,805281,PAAL0037NL,Motorola,Motorola Moto G6 Zilver,B,"0,63 W/kg",Android,Android 8.0 Oreo,"15,38 cm","7,23 cm","0,83 cm","162,5 g",Zilver,"Glas, Metaal",Nee,0,Nee,Stereo,3 GB,32 GB,Ja,128 GB,Ja,Nano sim,Ja,"5,7 """,2160 px,1080 px,427 ppi,Full HD (1080p),IPS - LCD,Ja
sam_828144,828144,SM-A505FZBSPHN,Samsung,Samsung Galaxy A50 Blauw,Nog niet bekend,0,Android,Android 9.0 Pie,"15,58 cm","7,47 cm","0,77 cm",186 g,Blauw,Kunststof,Nee,0,Nee,Mono,4 GB,128 GB,Ja,512 GB,Ja,Nano sim,Ja,"6,4 inch",2340 px,1080 px,403 ppi,Full HD (1080p),AMOLED,Ja
sam_827256,827256,F-SM-G975FCKHP,Samsung,Samsung Galaxy S10 Plus 1TB Keramisch Zwart + Samsung Galaxy Watch Zilver,Nog niet bekend,0,Android,Android 9.0 Pie,"15,76 cm","7,41 cm","0,78 cm",175 g,Zwart,"Glas, Metaal",Ja,IP68,Nee,Stereo,12 GB,1 TB,Ja,512 GB,Ja,Nano sim,Ja,"6,4 inch",3040 px,1440 px,522 ppi,Quad HD (1440p),AMOLED,Ja
sam_827077,827077,SM-G975FCKGPHN,Samsung,Samsung Galaxy S10 Plus 512 GB Keramisch Zwart,Nog niet bekend,0,Android,Android 9.0 Pie,"15,76 cm","7,41 cm","0,78 cm",175 g,Zwart,"Glas, Metaal, Keramiek",Ja,IP68,Nee,Stereo,8 GB,512 GB,Ja,512 GB,Ja,Nano sim,Ja,"6,4 inch",3040 px,1440 px,522 ppi,Quad HD (1440p),AMOLED,Ja
app_648367,648367,MN0X2ZD/A,Apple,Apple iPhone 6s 32GB Zilver,C,"0,98 W/kg",iOS,iOS 11,"13,8 cm","6,7 cm","0,71 cm",143 g,Zilver,"Glas, Metaal",Nee,0,Nee,Mono,2 GB,32 GB,Nee,0,Ja,Nano sim,Nee,"4,7 """,1334 px,750 px,326 ppi,HD Ready (720p),IPS - LCD,Ja
hua_805374,805374,51092FTN,Huawei,Huawei P20 Lite Zwart,C,"1,08 W/kg",Android,Android 8.0 Oreo,"14,86 cm","7,12 cm","0,745 cm",145 g,Zwart,"Glas, Metaal",Nee,0,Nee,Mono,4 GB,64 GB,Ja,256 GB,Ja,Nano sim,Ja,"5,8 """,1080 px,2280 px,435 ppi,Full HD (1080p),IPS - LCD,Ja
sam_812747,812747,SM-G960FZDDPHN,Samsung,Samsung Galaxy S9 64 GB Goud,A,"0,362 W/kg",Android,Android 9.0 Pie,"14,77 cm","6,87 cm","0,85 cm",163 g,Goud,"Glas, Metaal",Ja,IP68,Nee,Stereo,4 GB,64 GB,Ja,400 GB,Ja,Nano sim,Ja,"5,8 """,2960 px,1440 px,570 ppi,Quad HD (1440p),AMOLED,Ja
app_819344,819344,MRY52ZD/A,Apple,Apple iPhone Xr 64 GB Wit,Nog niet bekend,0,iOS,iOS 12,"15,09 cm","7,57 cm","0,83 cm",194 g,Wit,"Glas, Metaal",Ja,IP67,Nee,Stereo,3 GB,64 GB,Nee,0,Ja,Nano sim,Ja,"6,1 """,1792 px,828 px,326 ppi,HD Ready (720p),IPS - LCD,Nee
app_648377,648377,MN122ZD/A,Apple,Apple iPhone 6s 32GB Rose Gold,C,"0,98 W/kg",iOS,iOS 11,"13,8 cm","6,7 cm","0,71 cm",143 g,Rosé Goud,"Glas, Metaal",Nee,0,Nee,Mono,2 GB,32 GB,Nee,0,Ja,Nano sim,Nee,"4,7 """,1334 px,750 px,326 ppi,HD Ready (720p),IPS - LCD,Ja
hua_828517,828517,51093QFU,Huawei,Huawei P30 Pro 256GB Blauw,Nog niet bekend,0,Android,Android 9.0 Pie,"15,8 cm","7,34 cm","0,841 cm",192 g,Blauw,"Glas, Kunststof",Ja,IP68,Nee,Stereo,8 GB,256 GB,Ja,256 GB,Ja,Nano sim,Ja,"6,47 """,2340 px,1080 px,398 ppi,Full HD (1080p),OLED,Ja
xia_820680,820680,MZB6412EU,Xiaomi,Xiaomi Mi A2 Lite Dual Sim 64GB Zwart,D,"1,473 W/kg",Android,Android 8.1 Oreo,"14,93 cm","7,16 cm","0,87 cm",178 g,Zwart,"Glas, Metaal",Nee,0,Nee,Stereo,4 GB,64 GB,Ja,256 GB,Ja,Nano sim,Ja,"5,84 """,2280 px,1080 px,432 ppi,Full HD (1080p),IPS - LCD,Ja
sam_824929,824929,SM-A750FZIUPHN,Samsung,Samsung Galaxy A7 (2018) Roze,D,"1,425 W/kg",Android,Android 8.0 Oreo,"15,98 cm","7,68 cm","0,75 cm",168 g,Roze,Glas,Nee,0,Nee,Stereo,4 GB,64 GB,Ja,512 GB,Ja,Nano sim,Ja,6 inch,2220 px,1080 px,411 ppi,Full HD (1080p),AMOLED,Ja
app_793674,793674,MQ8N2ZD/A,Apple,Apple iPhone 8 Plus 64GB Goud,C,"0,99 W/kg",iOS,iOS 11,"15,8 cm","7,8 cm","0,7 cm",202 g,Goud,"Glas, Metaal",Ja,IP67,Nee,Stereo,3 GB,64 GB,Nee,0,Ja,Nano sim,Nee,"5,5 """,1080 px,1920 px,401 ppi,Full HD (1080p),IPS - LCD,Nee
sam_827042,827042,SM-G973FZWDPHN,Samsung,Samsung Galaxy S10 128GB Wit,Nog niet bekend,0,Android,Android 9.0 Pie,"14,99 cm","7,04 cm","0,78 cm",157 g,Wit,"Glas, Metaal",Ja,IP68,Nee,Stereo,8 GB,128 GB,Ja,512 GB,Ja,Nano sim,Ja,"6,1 inch",3040 px,1440 px,550 ppi,Quad HD (1440p),AMOLED,Ja
app_819964,819964,MRYG2ZD/A,Apple,Apple iPhone Xr 128 GB Koraal,Nog niet bekend,0,iOS,iOS 12,"15,09 cm","7,57 cm","0,83 cm",194 g,Oranje,"Glas, Metaal",Ja,IP67,Nee,Stereo,3 GB,128 GB,Nee,0,Ja,Nano sim,Ja,"6,1 """,1792 px,828 px,326 ppi,HD Ready (720p),IPS - LCD,Nee
sam_827065,827065,SM-G970FZKDPHN,Samsung,Samsung Galaxy S10e 128GB Zwart,Nog niet bekend,0,Android,Android 9.0 Pie,"14,22 cm","6,99 cm","0,79 cm",150 g,Zwart,"Glas, Metaal",Ja,IP68,Nee,Stereo,6 GB,128 GB,Ja,512 GB,Ja,Nano sim,Ja,"5,8 inch",2280 px,1080 px,438 ppi,Full HD (1080p),AMOLED,Ja
hua_802946,802946,51092CTF,Huawei,Huawei P Smart Zwart,D,"1,27 W/kg",Android,Android 8.0 Oreo,"15,01 cm","7,2 cm","0,745 cm",143 g,Zwart,"Kunststof, Metaal",Nee,0,Nee,Mono,3 GB,32 GB,Ja,256 GB,Ja,Nano sim,Ja,"5,65 """,2160 px,1080 px,427 ppi,Full HD (1080p),IPS - LCD,Ja
hua_828514,828514,51093QFS,Huawei,Huawei P30 Pro 256GB Zwart,Nog niet bekend,0,Android,Android 9.0 Pie,"15,8 cm","7,34 cm","0,841 cm",192 g,Zwart,"Glas, Kunststof",Ja,IP68,Nee,Stereo,8 GB,256 GB,Ja,256 GB,Ja,Nano sim,Ja,"6,47 """,2340 px,1080 px,398 ppi,Full HD (1080p),OLED,Ja
app_819959,819959,MRYF2ZD/A,Apple,Apple iPhone Xr 128 GB Geel,Nog niet bekend,0,iOS,iOS 12,"15,09 cm","7,57 cm","0,83 cm",194 g,Geel,"Glas, Metaal",Ja,IP67,Nee,Stereo,3 GB,128 GB,Nee,0,Ja,Nano sim,Ja,"6,1 """,1792 px,828 px,326 ppi,HD Ready (720p),IPS - LCD,Nee
sam_821062,821062,SM-A530FZKDE32,Samsung,Samsung Galaxy A8 Enterprise Editie,A,"0,241 W/kg",Android,Android 7.1 Nougat,"14,92 cm","7,06 cm","0,84 cm",172 g,Zwart,"Glas, Metaal",Ja,IP68,Nee,Mono,4 GB,32 GB,Ja,256 GB,Ja,Nano sim,Ja,"5,6 """,2220 px,1080 px,441 ppi,Full HD (1080p),AMOLED,Ja
sam_827045,827045,SM-G973FZGDPHN,Samsung,Samsung Galaxy S10 128GB Groen,Nog niet bekend,0,Android,Android 9.0 Pie,"14,99 cm","7,04 cm","0,78 cm",157 g,Groen,"Glas, Metaal",Ja,IP68,Nee,Stereo,8 GB,128 GB,Ja,512 GB,Ja,Nano sim,Ja,"6,1 inch",3040 px,1440 px,550 ppi,Quad HD (1440p),AMOLED,Ja
xia_823501,823501,XIPOCOF1-64-BLK,Xiaomi,Xiaomi Pocophone F1 Zwart,D,"1,582 W/kg",Android,Android 8.1 Oreo,"15,55 cm","7,53 cm","0,88 cm",180 g,Zwart,Kunststof,Nee,0,Nee,Mono,6 GB,64 GB,Ja,256 GB,Ja,Nano sim,Ja,"6,18 """,2246 px,1080 px,403 ppi,Full HD (1080p),IPS - LCD,Ja
sam_827075,827075,SM-G975FZWDPHN,Samsung,Samsung Galaxy S10 Plus 128 GB Wit,Nog niet bekend,0,Android,Android 9.0 Pie,"15,76 cm","7,41 cm","0,78 cm",175 g,Wit,"Glas, Metaal",Ja,IP68,Nee,Stereo,8 GB,128 GB,Ja,512 GB,Ja,Nano sim,Ja,"6,4 inch",3040 px,1440 px,522 ppi,Quad HD (1440p),AMOLED,Ja
app_819275,819275,MT9F2ZD/A,Apple,Apple iPhone Xs 64 GB Zilver,Nog niet bekend,0,iOS,iOS 12,"14,36 cm","7,09 cm","0,77 cm",177 g,Zilver,"Glas, Metaal",Ja,IP68,Nee,Stereo,4 GB,64 GB,Nee,0,Ja,Nano sim,Ja,"5,8 """,2436 px,1125 px,458 ppi,Quad HD (1440p),OLED,Nee
sam_817785,817785,SM-N960FZKHPHN,Samsung,Samsung Galaxy Note 9 512GB Zwart,D,"1,509 W/kg",Android,Android 8.1 Oreo,"16,19 cm","7,64 cm","0,88 cm",201 g,Blauw,"Glas, Metaal",Ja,IP68,Nee,Stereo,8 GB,512 GB,Ja,512 GB,Ja,Nano sim,Ja,"6,4 """,1440 px,2960 px,516 ppi,Quad HD (1440p),AMOLED,Ja
app_819963,819963,MRYH2ZD/A,Apple,Apple iPhone Xr 128 GB Blauw,Nog niet bekend,0,iOS,iOS 12,"15,09 cm","7,57 cm","0,83 cm",194 g,Blauw,"Glas, Metaal",Ja,IP67,Nee,Stereo,3 GB,128 GB,Nee,0,Ja,Nano sim,Ja,"6,1 """,1792 px,828 px,326 ppi,HD Ready (720p),IPS - LCD,Nee
mot_825962,825962,PADU0011NL,Motorola,Motorola Moto G7 Plus Rood,B,"0,778 W/kg",Android,Android 9.0 Pie,"15,7 cm","7,53 cm","0,82 cm",172 g,Rood,Kunststof,Ja,0,Nee,Mono,4 GB,64 GB,Ja,512 GB,Ja,Nano sim,Ja,"6,2 inch",2270 px,1080 px,403 ppi,Full HD (1080p),IPS - LCD,Ja
hua_828509,828509,51093NDX,Huawei,Huawei P30 Blauw,Nog niet bekend,0,Android,Android 9.0 Pie,"14,91 cm","7,136 cm","0,757 cm",165 g,Blauw,"Glas, Kunststof",Ja,IP53,Nee,Stereo,6 GB,128 GB,Ja,256 GB,Ja,Nano sim,Ja,"6,1 """,2340 px,1080 px,422 ppi,Full HD (1080p),OLED,Ja
app_819330,819330,MT522ZD/A,Apple,Apple iPhone Xs Max 64 GB Goud,Nog niet bekend,0,,iOS 12,"15,75 cm","7,74 cm","0,77 cm",208 g,Goud,"Glas, Metaal",Ja,IP68,Nee,Stereo,4 GB,64 GB,Nee,0,Ja,Nano sim,Ja,"6,5 """,2688 px,1242 px,458 ppi,Quad HD (1440p),OLED,Nee
app_734145,734145,MN4M2ZD/A,Apple,Apple iPhone 7 Plus 128 GB Zwart,D,"1,24 W/kg",iOS,iOS 11,"15,82 cm","7,7 cm","0,73 cm",188 g,Zwart,"Glas, Metaal",Ja,IP67,Nee,Stereo,3 GB,128 GB,Nee,0,Ja,Nano sim,Nee,"5,5 """,1920 px,1080 px,401 ppi,Full HD (1080p),IPS - LCD,Nee
sam_785334,785334,SM-G950FZBAPHN,Samsung,Samsung Galaxy S8 Blauw,A,"0,32 W/kg",Android,Android 8.0 Oreo,"14,89 cm","6,81 cm","0,8 cm",152 g,Blauw,"Glas, Metaal",Ja,IP68,Nee,Mono,4 GB,64 GB,Ja,256 GB,Ja,Nano sim,Nee,"5,8 """,2960 px,1440 px,570 ppi,Quad HD (1440p),AMOLED,Ja
sam_828147,828147,SM-A505FZWSPHN,Samsung,Samsung Galaxy A50 Wit,Nog niet bekend,0,Android,Android 9.0 Pie,"15,58 cm","7,47 cm","0,77 cm",186 g,Wit,Kunststof,Nee,0,Nee,Mono,4 GB,128 GB,Ja,512 GB,Ja,Nano sim,Ja,"6,4 inch",2340 px,1080 px,403 ppi,Full HD (1080p),AMOLED,Ja
app_648326,648326,MKQT2ZD/A,Apple,Apple iPhone 6s 128GB Space Gray,C,"0,98 W/kg",iOS,iOS 11,"13,8 cm","6,7 cm","0,71 cm",143 g,Zwart,"Glas, Metaal",Nee,0,Nee,Mono,2 GB,128 GB,Nee,0,Ja,Nano sim,Nee,"4,7 """,1334 px,750 px,326 ppi,HD Ready (720p),IPS - LCD,Ja
app_819348,819348,MRYJ2ZD/A,Apple,Apple iPhone Xr 256 GB Zwart,Nog niet bekend,0,iOS,iOS 12,"15,09 cm","7,57 cm","0,83 cm",194 g,Zwart,"Glas, Metaal",Ja,IP67,Nee,Stereo,3 GB,256 GB,Nee,0,Ja,Nano sim,Ja,"6,1 """,1792 px,828 px,326 ppi,HD Ready (720p),IPS - LCD,Nee
sam_761790,761790,SM-N950FZKDPHN,Samsung,Samsung Galaxy Note 8 Zwart,C,"1,29 W/kg",Android,Android 7.1 Nougat,"16,2 cm","7,4 cm","0,8 cm",195 g,Zwart,"Glas, Metaal",Ja,IP68,Nee,Mono,6 GB,64 GB,Ja,256 GB,Ja,Nano sim,Ja,"6,3 """,1440 px,2960 px,521 ppi,Quad HD (1440p),AMOLED,Ja
sam_826911,826911,788865-778050,Samsung,Samsung Galaxy S9 64GB Zwart + 64GB micro SD,A,"0,362 W/kg",Android,Android 8.0 Oreo,"14,77 cm","6,87 cm","0,85 cm",163 g,Zwart,"Glas, Metaal",Ja,IP68,Nee,Stereo,4 GB,128 GB,Ja,400 GB,Ja,Nano sim,Ja,"5,8 inch",2960 px,1440 px,570 ppi,Quad HD (1440p),AMOLED,Ja
hua_828513,828513,51093RUD,Huawei,Huawei P30 Pro 128GB Blauw,Nog niet bekend,0,Android,Android 9.0 Pie,"15,8 cm","7,34 cm","0,841 cm",192 g,Blauw,"Glas, Kunststof",Ja,IP68,Nee,Stereo,8 GB,128 GB,Ja,256 GB,Ja,Nano sim,Ja,"6,47 """,2340 px,1080 px,398 ppi,Full HD (1080p),OLED,Ja
cat_796267,796267,CS31-DAB-EUR-EN,Cat,CAT S31,Nog niet bekend,0,Android,Android 7.1 Nougat,"14,6 cm","7,44 cm","1,26 cm",200 g,Zwart,Metaal,Ja,IP68,Ja,Mono,2 GB,16 GB,Ja,128 GB,Ja,Nano sim,Ja,"4,7 """,1280 px,720 px,312 ppi,HD Ready (720p),TFT,Ja
app_819951,819951,MRYA2ZD/A,Apple,Apple iPhone Xr 64 GB Blauw,Nog niet bekend,0,iOS,iOS 12,"15,09 cm","7,57 cm","0,83 cm",194 g,Blauw,"Glas, Metaal",Ja,IP67,Nee,Stereo,3 GB,64 GB,Nee,0,Ja,Nano sim,Ja,"6,1 """,1792 px,828 px,326 ppi,HD Ready (720p),IPS - LCD,Nee
hua_805276,805276,51092FGU,Huawei,Huawei P20 Pro Zwart,B,"0,73 W/kg",Android,Android 8.1 Oreo,"15,5 cm","7,38 cm","0,765 cm",174 g,Zwart,"Glas, Metaal",Ja,IP67,Nee,Stereo,6 GB,128 GB,Nee,0,Ja,Nano sim,Ja,"6,1 """,1080 px,2240 px,408 ppi,Full HD (1080p),OLED,Nee
son_818964,818964,1316-2454,Sony,Sony Xperia XZ3 Zwart,Nog niet bekend,0,Android,Android 9.0 Pie,"15,8 cm","7,3 cm",1 cm,195 g,Zwart,"Glas, Metaal",Ja,IP68,Nee,Stereo,4 GB,64 GB,Ja,512 GB,Ja,Nano sim,Ja,"6 """,2880 px,1440 px,537 ppi,Quad HD (1440p),OLED,Nee
app_819302,819302,MT9G2ZD/A,Apple,Apple iPhone Xs 64 GB Goud,Nog niet bekend,0,iOS,iOS 12,"14,36 cm","7,09 cm","0,77 cm",177 g,Goud,"Glas, Metaal",Ja,IP68,Nee,Stereo,4 GB,64 GB,Nee,0,Ja,Nano sim,Ja,"5,8 """,2436 px,1125 px,458 ppi,Quad HD (1440p),OLED,Nee
son_805262,805262,1313-8385,Sony,Sony Xperia XZ2 Compact Zwart,B,"0,77 W/kg",Android,Android 8.0 Oreo,"13,5 cm","6,5 cm","1,23 cm",168 g,Zwart,Metaal,Ja,IP65,Nee,Stereo,4 GB,64 GB,Ja,256 GB,Ja,Nano sim,Ja,"5 """,2160 px,1080 px,483 ppi,Full HD (1080p),IPS - LCD,Nee
app_648416,648416,MN2V2ZD/A,Apple,Apple iPhone 6s Plus 32GB Space Gray,C,"0,98 W/kg",iOS,iOS 11,"15,8 cm","7,8 cm","0,73 cm",192 g,Zwart,"Glas, Metaal",Nee,0,Nee,Mono,2 GB,32 GB,Nee,0,Ja,Nano sim,Nee,"5,5 """,1920 px,1080 px,401 ppi,Full HD (1080p),IPS - LCD,Ja
xia_825443,825443,MZB6757EU,Xiaomi,Xiaomi Pocophone F1 128GB Blauw,D,"1,582 W/kg",Android,Android 8.1 Oreo,"15,55 cm","7,53 cm","0,88 cm",180 g,Zwart,Kunststof,Nee,0,Nee,Mono,6 GB,128 GB,Ja,256 GB,Ja,Nano sim,Ja,"6,18 inch",2246 px,1080 px,403 ppi,Full HD (1080p),IPS - LCD,Ja
app_819331,819331,MT542ZD/A,Apple,Apple iPhone Xs Max 256 GB Zilver,Nog niet bekend,0,iOS,iOS 12,"15,75 cm","7,74 cm","0,77 cm",208 g,Zilver,"Glas, Metaal",Ja,IP68,Nee,Stereo,4 GB,256 GB,Nee,0,Ja,Nano sim,Ja,"6,5 """,2688 px,1242 px,458 ppi,Quad HD (1440p),OLED,Nee
hua_805274,805274,51092FGL,Huawei,Huawei P20 Zwart,B,"0,76 W/kg",Android,Android 8.1 Oreo,"14,91 cm","7,08 cm","0,765 cm",165 g,Zwart,"Glas, Metaal",Nee,,Nee,Mono,4 GB,128 GB,Nee,0,Ja,Nano sim,Ja,"5,8 """,1080 px,2240 px,429 ppi,Full HD (1080p),IPS - LCD,Nee
app_793652,793652,MQAG2ZD/A,Apple,Apple iPhone X 256GB Zilver,Nog niet bekend,0,iOS,iOS 11,"14,36 cm","7,09 cm","0,77 cm",174 g,Zilver,"Glas, Metaal",Ja,IP67,Nee,Stereo,3 GB,256 GB,Nee,0,Ja,Nano sim,Nee,"5,8 """,2436 px,1125 px,458 ppi,Quad HD (1440p),OLED,Nee
hua_811967,811967,51092GAX,Huawei,Huawei P20 Pro Twilight,B,"0,73 W/kg",Android,Android 8.1 Oreo,"15,5 cm","7,39 cm","0,765 cm",174 g,Paars,"Glas, Metaal",Ja,IP67,Nee,Stereo,6 GB,128 GB,Nee,0,Ja,Nano sim,Ja,"6,1 """,1080 px,2240 px,408 ppi,Full HD (1080p),OLED,Nee
hua_811986,811986,HUNLY6-18-DS-BLK,Huawei,Huawei Y6 (2018) Dual Sim Zwart,A,"0,31 W/kg",Android,Android 8.0 Oreo,"15,24 cm","7,3 cm","0,78 cm",150 g,Zwart,Kunststof,Nee,0,Nee,Mono,2 GB,16 GB,Ja,256 GB,Ja,Nano sim,Ja,"5,7 """,720 px,1440 px,283 ppi,HD Ready (720p),IPS - LCD,Ja
mot_825938,825938,PAE90023NL,Motorola,Motorola Moto G7 Power Paars,B,"0,491 W/kg",Android,Android 9.0 Pie,"15,94 cm","7,6 cm","0,93 cm",193 g,Paars,Kunststof,Nee,0,Nee,Mono,4 GB,64 GB,Ja,256 GB,Ja,Nano sim,Ja,"6,2 inch",720 px,1520 px,294 ppi,HD Ready (720p),IPS - LCD,Ja
nok_821537,821537,11CTLL01A07,Nokia,Nokia 7.1 Blauw,Nog niet bekend,0,Android,Android 9.0 Pie,"14,97 cm","7,18 cm","0,79 cm",160 g,Blauw,"Glas, Metaal",Nee,0,Nee,Mono,3 GB,32 GB,Ja,400 GB,Ja,Nano sim,Ja,"5,84 """,2280 px,1080 px,432 ppi,Full HD (1080p),IPS - LCD,Ja
cat_805284,805284,CS61-DAB-ROW-EN,Cat,CAT S61,Nog niet bekend,0,Android,Android 8.0 Oreo,15 cm,"7,6 cm","1,3 cm",145 g,Zwart,"Kunststof, Metaal",Ja,IP68,Ja,Mono,4 GB,64 GB,Ja,128 GB,Ja,Nano sim,Ja,"5,2 """,1920 px,1080 px,424 ppi,Full HD (1080p),IPS - LCD,Ja
mot_825936,825936,PAE70010NL,Motorola,Motorola Moto G7 Play Blauw,C,"0,836 W/kg",Android,Android 9.0 Pie,"14,73 cm","7,15 cm","0,79 cm",149 g,Zwart,Kunststof,Nee,0,Nee,Mono,2 GB,32 GB,Ja,256 GB,Ja,Nano sim,Ja,"5,7 inch",720 px,1520 px,294 ppi,HD Ready (720p),IPS - LCD,Ja
app_793673,793673,MQ8M2ZD/A,Apple,Apple iPhone 8 Plus 64GB Zilver,C,"0,99 W/kg",iOS,iOS 11,"15,8 cm","7,8 cm","0,7 cm",202 g,Zilver,"Glas, Metaal",Ja,IP67,Nee,Stereo,3 GB,64 GB,Nee,0,Ja,Nano sim,Nee,"5,5 """,1080 px,1920 px,401 ppi,Full HD (1080p),IPS - LCD,Nee
sam_827254,827254,SM-G975FCWGPHN,Samsung,Samsung Galaxy S10 Plus 512 GB Keramisch Wit,Nog niet bekend,0,Android,Android 9.0 Pie,"15,76 cm","7,41 cm","0,78 cm",175 g,Wit,"Glas, Metaal, Keramiek",Ja,IP68,Nee,Stereo,8 GB,512 GB,Ja,512 GB,Ja,Nano sim,Ja,"6,4 inch",3040 px,1440 px,522 ppi,Quad HD (1440p),AMOLED,Ja
app_734125,734125,MNQQ2ZD/A,Apple,Apple iPhone 7 Plus 32 GB Rose Gold,D,"1,24 W/kg",iOS,iOS 11,"15,82 cm","7,7 cm","0,73 cm",188 g,Rosé Goud,"Glas, Metaal",Ja,IP67,Nee,Stereo,3 GB,32 GB,Nee,0,Ja,Nano sim,Nee,"5,5 """,1920 px,1080 px,401 ppi,Full HD (1080p),IPS - LCD,Nee
hua_821982,821982,51092TFQ,Huawei,Huawei P Smart Plus Zwart,Nog niet bekend,0,Android,Android 8.1 Oreo,"15,7 cm","7,5 cm","0,7 cm",169 g,Zwart,Glas,Nee,0,Nee,Stereo,4 GB,64 GB,Ja,256 GB,Ja,Nano sim,Ja,"6,3 """,2340 px,1080 px,409 ppi,Full HD (1080p),IPS - LCD,Ja
hua_818806,818806,51092RAM,Huawei,Huawei Mate 20 Lite Blauw,Nog niet bekend,0,Android,Android 8.1 Oreo,"15,8 cm","7,5 cm","0,76 cm",172 g,Blauw,"Glas, Metaal",Nee,0,Nee,Stereo,4 GB,64 GB,Ja,256 GB,Ja,Nano sim,Ja,"6,3 """,1080 px,2340 px,409 ppi,Full HD (1080p),IPS - LCD,Ja
hua_828516,828516,51093QFW,Huawei,Huawei P30 Pro 256GB Wit/Paars,Nog niet bekend,0,Android,Android 9.0 Pie,"15,8 cm","7,34 cm","0,841 cm",192 g,"Paars, Wit","Glas, Kunststof",Ja,IP68,Nee,Stereo,8 GB,256 GB,Ja,256 GB,Ja,Nano sim,Ja,"6,47 """,2340 px,1080 px,398 ppi,Full HD (1080p),OLED,Ja
app_733905,733905,MN902ZD/A,Apple,Apple iPhone 7 32GB Goud,D,"1,38 W/kg",iOS,iOS 11,"13,83 cm","6,7 cm","0,71 cm",138 g,,"Glas, Metaal",Ja,IP67,Nee,Stereo,2 GB,32 GB,Nee,0,Ja,Nano sim,Nee,"4,7 """,1334 px,750 px,326 ppi,HD Ready (720p),IPS - LCD,Nee
sam_827046,827046,SM-G973FZKGPHN,Samsung,Samsung Galaxy S10 512GB Zwart,Nog niet bekend,0,Android,Android 9.0 Pie,"14,99 cm","7,04 cm","0,78 cm",157 g,Zwart,"Glas, Metaal",Ja,IP68,Nee,Stereo,8 GB,512 GB,Ja,512 GB,Ja,Nano sim,Ja,"6,1 inch",3040 px,1440 px,550 ppi,Quad HD (1440p),AMOLED,Ja
hua_802951,802951,51092CTD,Huawei,Huawei P Smart Blauw,D,"1,27 W/kg",Android,Android 8.0 Oreo,"15,01 cm","7,2 cm","0,745 cm",143 g,Blauw,"Kunststof, Metaal",Nee,0,Nee,Mono,3 GB,32 GB,Ja,256 GB,Ja,Nano sim,Ja,"5,65 """,2160 px,1080 px,427 ppi,Full HD (1080p),IPS - LCD,Ja
sam_827076,827076,SM-G975FZGDPHN,Samsung,Samsung Galaxy S10 Plus 128 GB Groen,Nog niet bekend,0,Android,Android 9.0 Pie,"15,76 cm","7,41 cm","0,78 cm",175 g,Groen,"Glas, Metaal",Ja,IP68,Nee,Stereo,8 GB,128 GB,Ja,512 GB,Ja,Nano sim,Ja,"6,4 inch",3040 px,1440 px,522 ppi,Quad HD (1440p),AMOLED,Ja
hua_829106,829106,51093SPN,Huawei,Huawei P30 Pro 128GB Oranje,Nog niet bekend,0,Android,Android 9.0 Pie,"15,8 cm","7,34 cm","0,841 cm",192 g,Oranje,"Glas, Kunststof",Ja,IP68,Nee,Stereo,8 GB,128 GB,Ja,256 GB,Ja,Nano sim,Ja,"6,47 """,2340 px,1080 px,398 ppi,Full HD (1080p),OLED,Ja
sam_827072,827072,SM-G970FZGDPHN,Samsung,Samsung Galaxy S10e 128GB Groen,Nog niet bekend,0,Android,Android 9.0 Pie,"14,22 cm","6,99 cm","0,79 cm",150 g,Groen,"Glas, Metaal",Ja,IP68,Nee,Stereo,6 GB,128 GB,Ja,512 GB,Ja,Nano sim,Ja,"5,8 inch",2280 px,1080 px,438 ppi,Full HD (1080p),AMOLED,Ja
app_733931,733931,MN932ZD/A,Apple,Apple iPhone 7 128GB Zilver,D,"1,38 W/kg",iOS,iOS 11,"13,83 cm","6,7 cm","0,71 cm",138 g,Zilver,"Glas, Metaal",Ja,IP67,Nee,Stereo,2 GB,128 GB,Nee,0,Ja,Nano sim,Nee,"4,7 """,1334 px,750 px,326 ppi,HD Ready (720p),IPS - LCD,Nee
hon_825445,825445,51093HLA,Honor,Honor View 20 128 GB Zwart,Nog niet bekend,0,Android,Android 9.0 Pie,"15,69 cm","7,54 cm","0,81 cm",180 g,Zwart,"Glas, Metaal",Nee,0,Nee,Mono,6 GB,128 GB,Nee,0,Ja,Nano sim,Ja,"6,4 inch",2310 px,1080 px,398 ppi,Full HD (1080p),IPS - LCD,Ja
sam_812916,812916,SM-J600FZVUPHN,Samsung,Samsung Galaxy J6 (2018) Grijs,C,"0,809 W/kg",Android,Android 8.0 Oreo,"14,93 cm","7,02 cm","0,82 cm",154 g,Grijs,"Kunststof, Metaal",Nee,,Nee,Mono,3 GB,32 GB,Ja,256 GB,Ja,Nano sim,Ja,"5,6 """,1480 px,720 px,293 ppi,HD Ready (720p),AMOLED,Ja
app_793685,793685,MQ8Q2ZD/A,Apple,Apple iPhone 8 Plus 256GB Zilver,C,"0,99 W/kg",iOS,iOS 11,"15,8 cm","7,8 cm","0,7 cm",202 g,Zilver,"Glas, Metaal",Ja,IP67,Nee,Stereo,3 GB,256 GB,Nee,0,Ja,Nano sim,Nee,"5,5 """,1080 px,1920 px,401 ppi,Full HD (1080p),IPS - LCD,Nee
hua_828508,828508,51093NEA,Huawei,Huawei P30 Wit/Paars,Nog niet bekend,0,Android,Android 9.0 Pie,"14,91 cm","7,136 cm","0,757 cm",165 g,"Paars, Wit","Glas, Kunststof",Ja,IP53,Nee,Stereo,6 GB,128 GB,Ja,256 GB,Ja,Nano sim,Ja,"6,1 """,2340 px,1080 px,422 ppi,Full HD (1080p),OLED,Ja
app_733923,733923,MN952ZD/A,Apple,Apple iPhone 7 128GB Rose Gold,D,"1,38 W/kg",iOS,iOS 11,"13,83 cm","6,7 cm","0,71 cm",138 g,Rosé Goud,"Glas, Metaal",Ja,IP67,Nee,Stereo,2 GB,128 GB,Nee,0,Ja,Nano sim,Nee,"4,7 """,1334 px,750 px,326 ppi,HD Ready (720p),IPS - LCD,Nee
mot_823420,823420,XT1941-4,Motorola,Motorola One 64GB Dual-sim Zwart,Nog niet bekend,0,Android,Android 8.1 Oreo,"14,9 cm","7,23 cm","0,8 cm",162 g,Zwart,Kunststof,Nee,0,Nee,Stereo,4 GB,64 GB,Ja,256 GB,Ja,Nano sim,Ja,"5,9 """,1520 px,720 px,285 ppi,HD Ready (720p),IPS - LCD,Ja
sam_812163,812163,SM-A600FZVNPHN,Samsung,Samsung Galaxy A6 (2018) Paars,B,"0,487 W/kg",Android,Android 8.0 Oreo,"14,99 cm","7,09 cm","0,77 cm",159 g,Paars,Metaal,Nee,0,Nee,Mono,3 GB,32 GB,Ja,256 GB,Ja,Nano sim,Ja,"5,6 """,1480 px,720 px,293 ppi,HD Ready (720p),AMOLED,Ja
app_733902,733902,MN912ZD/A,Apple,Apple iPhone 7 32GB Rose Gold,D,"1,38 W/kg",iOS,iOS 11,"13,83 cm","6,7 cm","0,71 cm",138 g,Rosé Goud,"Glas, Metaal",Ja,IP67,Nee,Stereo,2 GB,32 GB,Nee,0,Ja,Nano sim,Nee,"4,7 """,1334 px,750 px,326 ppi,HD Ready (720p),IPS - LCD,Nee
mot_811095,811095,PAAL0036NL,Motorola,Motorola Moto G6 Blauw,B,"0,63 W/kg",Android,Android 8.0 Oreo,"15,38 cm","7,23 cm","0,83 cm","162,5 g",Blauw,"Glas, Metaal",Nee,0,Nee,Stereo,3 GB,32 GB,Ja,128 GB,Ja,Nano sim,Ja,"5,7 """,2160 px,1080 px,427 ppi,Full HD (1080p),IPS - LCD,Ja
sam_812162,812162,SM-A600FZDNPHN,Samsung,Samsung Galaxy A6 (2018) Goud,B,"0,487 W/kg",Android,Android 8.0 Oreo,"14,99 cm","7,09 cm","0,77 cm",159 g,Goud,Metaal,Nee,0,Nee,Mono,3 GB,32 GB,Ja,256 GB,Ja,Nano sim,Ja,"5,6 """,1480 px,720 px,293 ppi,HD Ready (720p),AMOLED,Ja
sam_808964,808964,SM-G965FZKHPHN,Samsung,Samsung Galaxy S9 Plus 256GB Zwart,A,"0,294 W/kg",Android,Android 9.0 Pie,"15,81 cm","7,38 cm","0,85 cm",189 g,Zwart,"Glas, Metaal",Ja,IP68,Nee,Stereo,6 GB,256 GB,Ja,400 GB,Ja,Nano sim,Ja,"6,2 """,2960 px,1440 px,529 ppi,Quad HD (1440p),AMOLED,Ja
hua_807002,807002,51092FTP,Huawei,Huawei P20 Lite Blauw,C,"1,08 W/kg",Android,Android 8.0 Oreo,"14,86 cm","7,12 cm","0,745 cm",145 g,Blauw,"Glas, Metaal",Nee,0,Nee,Mono,4 GB,64 GB,Ja,256 GB,Ja,Nano sim,Ja,"5,8 """,1080 px,2280 px,435 ppi,Full HD (1080p),IPS - LCD,Ja
app_793684,793684,MQ8P2ZD/A,Apple,Apple iPhone 8 Plus 256GB Space Gray,C,"0,99 W/kg",iOS,iOS 11,"15,8 cm","7,8 cm","0,7 cm",202 g,Zwart,"Glas, Metaal",Ja,IP67,Nee,Stereo,3 GB,256 GB,Nee,0,Ja,Nano sim,Nee,"5,5 """,1080 px,1920 px,401 ppi,Full HD (1080p),IPS - LCD,Nee
xia_825444,825444,MZB7118EU,Xiaomi,Xiaomi Mi Mix 3 Zwart,Nog niet bekend,0,Android,Android 9.0 Pie,"15,79 cm","7,47 cm","0,85 cm",218 g,Zwart,"Glas, Metaal",Nee,0,Nee,Mono,6 GB,128 GB,Nee,0,Ja,Nano sim,Ja,"6,39 inch",2340 px,1080 px,403 ppi,Full HD (1080p),AMOLED,Nee
sam_793953,793953,SM-G950FZIAPHN,Samsung,Samsung Galaxy S8 Roze,A,"0,32 W/kg",Android,Android 8.0 Oreo,"14,89 cm","6,81 cm","0,8 cm",152 g,Roze,"Glas, Metaal",Ja,IP68,Nee,Mono,4 GB,64 GB,Ja,256 GB,Ja,Nano sim,Nee,"5,8 """,2960 px,1440 px,570 ppi,Quad HD (1440p),AMOLED,Ja
sam_771933,771933,SM-G950FZVAPHN,Samsung,Samsung Galaxy S8 Grijs,A,"0,32 W/kg",Android,Android 8.0 Oreo,"14,89 cm","6,81 cm","0,8 cm",152 g,Grijs,"Glas, Metaal",Ja,IP68,Nee,Mono,4 GB,64 GB,Ja,256 GB,Ja,Nano sim,Nee,"5,8 """,2960 px,1440 px,570 ppi,Quad HD (1440p),AMOLED,Ja
app_648430,648430,MKUD2ZD/A,Apple,Apple iPhone 6s Plus 128GB Space Gray,C,"0,98 W/kg",iOS,iOS 11,"15,8 cm","7,8 cm","0,73 cm",192 g,Zwart,"Glas, Metaal",Nee,0,Nee,Mono,2 GB,128 GB,Nee,0,Ja,Nano sim,Nee,"5,5 """,1920 px,1080 px,401 ppi,Full HD (1080p),IPS - LCD,Ja
sam_812903,812903,SM-J600FZDUPHN,Samsung,Samsung Galaxy J6 (2018) Goud,C,"0,809 W/kg",Android,Android 8.0 Oreo,"14,93 cm","7,02 cm","0,82 cm",154 g,Goud,"Kunststof, Metaal",Nee,,Nee,Mono,3 GB,32 GB,Ja,256 GB,Ja,Nano sim,Ja,"5,6 """,1480 px,720 px,293 ppi,HD Ready (720p),AMOLED,Ja
app_819346,819346,MRY72ZD/A,Apple,Apple iPhone Xr 64 GB Geel,Nog niet bekend,0,iOS,iOS 12,"15,09 cm","7,57 cm","0,83 cm",194 g,Geel,"Glas, Metaal",Ja,IP67,Nee,Stereo,3 GB,64 GB,Nee,0,Ja,Nano sim,Ja,"6,1 """,1792 px,828 px,326 ppi,HD Ready (720p),IPS - LCD,Nee
sam_820194,820194,SM-J415FZKGPHN,Samsung,Samsung Galaxy J4 Plus Zwart,Nog niet bekend,0,Android,Android 8.1 Oreo,"16,14 cm","7,69 cm","0,79 cm",178 g,Zwart,Kunststof,Nee,0,Nee,Stereo,2 GB,32 GB,Ja,512 GB,Ja,Nano sim,Ja,"6 """,720 px,1480 px,274 ppi,HD Ready (720p),IPS - LCD,Ja
app_648370,648370,MKQU2ZD/A,Apple,Apple iPhone 6s 128GB Zilver,C,"0,98 W/kg",iOS,iOS 11,"13,8 cm","6,7 cm","0,71 cm",143 g,Zilver,"Glas, Metaal",Nee,0,Nee,Mono,2 GB,128 GB,Nee,0,Ja,Nano sim,Nee,"4,7 """,1334 px,750 px,326 ppi,HD Ready (720p),IPS - LCD,Ja
xia_819783,819783,MZB6401EU,Xiaomi,Xiaomi Mi A2 Lite Dual Sim 32GB Zwart,D,"1,473 W/kg",Android,Android 8.0 Oreo,"14,93 cm","7,16 cm","0,87 cm",178 g,Zwart,"Glas, Metaal",Nee,0,Nee,Stereo,3 GB,32 GB,Ja,256 GB,Ja,Nano sim,Ja,"5,84 """,2280 px,1080 px,432 ppi,Full HD (1080p),IPS - LCD,Ja
app_819945,819945,MT9L2ZD/A,Apple,Apple iPhone Xs 512 GB Space Gray,Nog niet bekend,0,iOS,iOS 12,"14,36 cm","7,09 cm","0,77 cm",177 g,Zwart,"Glas, Metaal",Ja,IP68,Nee,Stereo,4 GB,512 GB,Nee,0,Ja,Nano sim,Ja,"5,8 """,2436 px,1125 px,458 ppi,Quad HD (1440p),OLED,Nee
nok_806022,806022,N7PLUS-BLK,Nokia,Nokia 7 Plus Zwart,A,"0,361 W/kg",Android,Android 9.0 Pie,"15,84 cm","7,56 cm","0,96 cm",183 g,Zwart,Metaal,Nee,0,Nee,Mono,4 GB,64 GB,Ja,256 GB,Ja,Nano sim,Ja,"6 """,2160 px,1080 px,403 ppi,Full HD (1080p),IPS - LCD,Ja
sam_805194,805194,SM-G960FZPDPHN,Samsung,Samsung Galaxy S9 64GB Paars,A,"0,362 W/kg",Android,Android 9.0 Pie,"14,77 cm","6,87 cm","0,85 cm",163 g,Paars,"Glas, Metaal",Ja,IP68,Nee,Stereo,4 GB,64 GB,Ja,400 GB,Ja,Nano sim,Ja,"5,8 """,2960 px,1440 px,570 ppi,Quad HD (1440p),AMOLED,Ja
app_734126,734126,MNQN2ZD/A,Apple,Apple iPhone 7 Plus 32 GB Zilver,D,"1,24 W/kg",iOS,iOS 11,"15,82 cm","7,7 cm","0,73 cm",188 g,Zilver,"Glas, Metaal",Ja,IP67,Nee,Stereo,3 GB,32 GB,Nee,0,Ja,Nano sim,Nee,"5,5 """,1920 px,1080 px,401 ppi,Full HD (1080p),IPS - LCD,Nee
app_648463,648463,MN2W2ZD/A,Apple,Apple iPhone 6s Plus 32GB Zilver,C,"0,98 W/kg",iOS,iOS 11,"15,8 cm","7,8 cm","0,73 cm",192 g,Zilver,"Glas, Metaal",Nee,0,Nee,Mono,2 GB,32 GB,Nee,0,Ja,Nano sim,Nee,"5,5 """,1920 px,1080 px,401 ppi,Full HD (1080p),IPS - LCD,Ja
hua_812286,812286,51092KEK,Huawei,Huawei P20 Lite Goud,C,"1,08 W/kg",Android,Android 8.0 Oreo,"14,86 cm","7,12 cm","0,745 cm",145 g,Goud,"Glas, Metaal",Nee,0,Nee,Mono,4 GB,64 GB,Ja,256 GB,Ja,Nano sim,Ja,"5,8 """,1080 px,2280 px,435 ppi,Full HD (1080p),IPS - LCD,Ja
app_648347,648347,MN112ZD/A,Apple,Apple iPhone 6s 32GB Goud,C,"0,98 W/kg",iOS,iOS 11,"13,8 cm","6,7 cm","0,71 cm",143 g,Goud,"Glas, Metaal",Nee,0,Nee,Mono,2 GB,32 GB,Nee,0,Ja,Nano sim,Nee,"4,7 """,1334 px,750 px,326 ppi,HD Ready (720p),IPS - LCD,Ja
app_734127,734127,MNQM2ZD/A,Apple,Apple iPhone 7 Plus 32 GB Zwart,D,"1,24 W/kg",iOS,iOS 11,"15,82 cm","7,7 cm","0,73 cm",188 g,Zwart,"Glas, Metaal",Ja,IP67,Nee,Stereo,3 GB,32 GB,Nee,0,Ja,Nano sim,Nee,"5,5 """,1920 px,1080 px,401 ppi,Full HD (1080p),IPS - LCD,Nee
hua_821690,821690,51092WYY,Huawei,Huawei Mate 20 Pro Blauw,C,"0,96 W/kg",Android,Android 9.0 Pie,"15,78 cm","7,23 cm","0,86 cm",189 g,Blauw,Glas,Ja,IP68,Nee,Stereo,6 GB,128 GB,Ja,256 GB,Ja,Nano sim,Ja,"6,3 """,3120 px,1440 px,538 ppi,Quad HD (1440p),OLED,Ja
app_648360,648360,MKQV2ZD/A,Apple,Apple iPhone 6s 128GB Goud,C,"0,98 W/kg",iOS,iOS 11,"13,8 cm","6,7 cm","0,71 cm",143 g,Goud,"Glas, Metaal",Nee,0,Nee,Mono,2 GB,128 GB,Nee,0,Ja,Nano sim,Nee,"4,7 """,1334 px,750 px,326 ppi,HD Ready (720p),IPS - LCD,Ja
app_819948,819948,MT562ZD/A,Apple,Apple iPhone Xs Max 512 GB Space Gray,Nog niet bekend,0,iOS,iOS 12,"15,75 cm","7,74 cm","0,77 cm",208 g,Zwart,"Glas, Metaal",Ja,IP68,Nee,Stereo,4 GB,512 GB,Nee,0,Ja,Nano sim,Ja,"6,5 """,2688 px,1242 px,458 ppi,Quad HD (1440p),OLED,Nee
sam_805204,805204,SM-G965FZBDPHN,Samsung,Samsung Galaxy S9 Plus 64GB Blauw,A,"0,294 W/kg",Android,Android 9.0 Pie,"15,81 cm","7,38 cm","0,85 cm",189 g,Blauw,"Glas, Metaal",Ja,IP68,Nee,Stereo,6 GB,64 GB,Ja,400 GB,Ja,Nano sim,Ja,"6,2 """,2960 px,1440 px,529 ppi,Quad HD (1440p),AMOLED,Ja
app_648483,648483,MN2Y2ZD/A,Apple,Apple iPhone 6s Plus 32GB Rose Gold,C,"0,98 W/kg",iOS,iOS 11,"15,8 cm","7,8 cm","0,73 cm",192 g,Rosé Goud,"Glas, Metaal",Nee,0,Nee,Mono,2 GB,32 GB,Nee,0,Ja,Nano sim,Nee,"5,5 """,1920 px,1080 px,401 ppi,Full HD (1080p),IPS - LCD,Ja
app_734128,734128,MNQP2ZD/A,Apple,Apple iPhone 7 Plus 32 GB Goud,D,"1,24 W/kg",iOS,iOS 11,"15,82 cm","7,7 cm","0,73 cm",188 g,Goud,"Glas, Metaal",Ja,IP67,Nee,Stereo,3 GB,32 GB,Nee,0,Ja,Nano sim,Nee,"5,5 """,1920 px,1080 px,401 ppi,Full HD (1080p),IPS - LCD,Nee
app_793654,793654,MQ7E2ZD/A,Apple,Apple iPhone 8 256GB Goud,D,"1,36 W/kg",iOS,iOS 11,"13,8 cm","6,7 cm","0,7 cm",148 g,Goud,"Glas, Metaal",Ja,IP67,Nee,Stereo,2 GB,256 GB,Nee,0,Ja,Nano sim,Nee,"4,7 """,750 px,1334 px,326 ppi,HD Ready (720p),IPS - LCD,Nee
app_793655,793655,MQ7D2ZD/A,Apple,Apple iPhone 8 256GB Zilver,D,"1,36 W/kg",iOS,iOS 11,"13,8 cm","6,7 cm","0,7 cm",148 g,Zilver,"Glas, Metaal",Ja,IP67,Nee,Stereo,2 GB,256 GB,Nee,0,Ja,Nano sim,Nee,"4,7 """,750 px,1334 px,326 ppi,HD Ready (720p),IPS - LCD,Nee
mot_825939,825939,PADY0017NL,Motorola,Motorola Moto G7 Zwart,B,"0,45 W/kg",Android,Android 9.0 Pie,"15,7 cm","7,53 cm","0,79 cm",174 g,Zwart,Kunststof,Ja,0,Nee,Mono,4 GB,64 GB,Ja,512 GB,Ja,Nano sim,Ja,"6,2 inch",2270 px,1080 px,403 ppi,Full HD (1080p),IPS - LCD,Ja
app_733936,733936,MN942ZD/A,Apple,Apple iPhone 7 128GB Goud,D,"1,38 W/kg",iOS,iOS 11,"13,83 cm","6,7 cm","0,71 cm",138 g,Goud,"Glas, Metaal",Ja,IP67,Nee,Stereo,2 GB,128 GB,Nee,0,Ja,Nano sim,Nee,"4,7 """,1334 px,750 px,326 ppi,HD Ready (720p),IPS - LCD,Nee
nok_806021,806021,N1-BLU,Nokia,Nokia 1 Blauw,Nog niet bekend,0,Android,Android 8.1 Oreo,"13,36 cm","6,78 cm","0,95 cm",131 g,Blauw,Metaal,Nee,0,Nee,Mono,1 GB,8 GB,Ja,128 GB,Ja,Nano sim,Ja,"4,5 """,854 px,480 px,218 ppi,SD,IPS - LCD,Ja
app_819949,819949,MT582ZD/A,Apple,Apple iPhone Xs Max 512 GB Goud,Nog niet bekend,0,iOS,iOS 12,"15,75 cm","77,4 cm","0,77 cm",208 g,Goud,"Glas, Metaal",Ja,IP68,Nee,Stereo,4 GB,512 GB,Nee,0,Ja,Nano sim,Ja,"6,5 """,2688 px,1242 px,458 ppi,Quad HD (1440p),OLED,Nee
nok_816168,816168,11ES2L01A17,Nokia,Nokia 3.1 Blauw,Nog niet bekend,0,Android,Android 8.0 Oreo,"14,62 cm","6,86 cm","0,87 cm",138 g,Blauw,Kunststof,Nee,0,Nee,Mono,2 GB,16 GB,Ja,128 GB,Ja,Nano sim,Ja,"5,2 """,1440 px,720 px,310 ppi,HD Ready (720p),IPS - LCD,Ja
lg_814760,814760,LGNL-LMQ610-Q7-BLK,LG,LG Q7 Zwart,Nog niet bekend,0,Android,Android 8.1 Oreo,"14,38 cm","6,93 cm","0,84 cm",145 g,Zwart,Metaal,Ja,IP68,Nee,Mono,3 GB,32 GB,Ja,512 GB,Ja,Nano sim,Nee,"5,5 """,2160 px,1080 px,439 ppi,Full HD (1080p),IPS - LCD,Ja
app_819944,819944,MT9M2ZD/A,Apple,Apple iPhone Xs 512 GB Zilver,Nog niet bekend,0,iOS,iOS 12,"14,36 cm","7,09 cm","0,77 cm",177 g,Zilver,"Glas, Metaal",Ja,IP68,Nee,Stereo,4 GB,512 GB,Nee,0,Ja,Nano sim,Ja,"5,8 """,2436 px,1125 px,458 ppi,Quad HD (1440p),OLED,Nee
app_819952,819952,MRY82ZD/A,Apple,Apple iPhone Xr 64 GB Koraal,Nog niet bekend,0,iOS,iOS 12,"15,09 cm","7,57 cm","0,83 cm",194 g,Oranje,"Glas, Metaal",Ja,IP67,Nee,Stereo,3 GB,64 GB,Nee,0,Ja,Nano sim,Ja,"6,1 """,1792 px,828 px,326 ppi,HD Ready (720p),IPS - LCD,Nee
app_734141,734141,MN4P2ZD/A,Apple,Apple iPhone 7 Plus 128 GB Zilver,D,"1,24 W/kg",iOS,iOS 11,"15,82 cm","7,7 cm","0,73 cm",188 g,Zilver,"Glas, Metaal",Ja,IP67,Nee,Stereo,3 GB,128 GB,Nee,0,Ja,Nano sim,Nee,"5,5 """,1920 px,1080 px,401 ppi,Full HD (1080p),IPS - LCD,Nee
mot_811120,811120,PAAV0022NL,Motorola,Motorola Moto G6 Plus Blauw,B,"0,44 W/kg",Android,Android 8.0 Oreo,"15,99 cm","7,55 cm","0,8 cm",167 g,Blauw,"Glas, Metaal",Nee,0,Nee,Stereo,4 GB,64 GB,Ja,128 GB,Ja,Nano sim,Ja,"5,9 """,2160 px,1080 px,407 ppi,Full HD (1080p),IPS - LCD,Ja
xia_828047,828047,MZB7437EU,Xiaomi,Xiaomi Mi 9 64GB Blauw,Nog niet bekend,0,Android,Android 9.0 Pie,"15,75 cm","7,46 cm","0,76 cm",173 g,"Blauw, Zwart","Glas, Metaal",Nee,0,Nee,Mono,6 GB,64 GB,Nee,0,Ja,Nano sim,Ja,"6,39 inch",2340 px,1080 px,403 ppi,Full HD (1080p),AMOLED,Ja
app_648383,648383,MKQW2ZD/A,Apple,Apple iPhone 6s 128GB Rose Gold,C,"0,98 W/kg",iOS,iOS 11,"13,8 cm","6,7 cm","0,71 cm",143 g,Roze,"Glas, Metaal",Nee,0,Nee,Mono,2 GB,128 GB,Nee,0,Ja,Nano sim,Nee,"4,7 """,1334 px,750 px,326 ppi,HD Ready (720p),IPS - LCD,Ja
app_819328,819328,MT512ZD/A,Apple,Apple iPhone Xs Max 64 GB Zilver,Nog niet bekend,0,iOS,iOS 12,"15,75 cm","7,74 cm","0,77 cm",208 g,Zilver,"Glas, Metaal",Ja,IP68,Nee,Stereo,4 GB,64 GB,Nee,0,Ja,Nano sim,Ja,"6,5 """,2688 px,1242 px,458 ppi,Quad HD (1440p),OLED,Nee
dor_793458,793458,DOR-253-90086,Doro,Doro 8040 Zwart,C,"1,19 W/kg",Android,Android 7.0 Nougat,"14,86 cm","7,1 cm","0,95 cm",165 g,Zwart,Kunststof,Nee,0,Nee,Mono,2 GB,16 GB,Ja,32 GB,Ja,Nano sim,Nee,"5 """,1280 px,720 px,"293,7 ppi",SD,TFT,Ja
hon_821695,821695,51092LXV,Honor,Honor 10 128 GB Zwart,Nog niet bekend,0,,Android 8.1 Oreo,"14,9 cm","7,12 cm","0,77 cm",153 g,,,Nee,0,Nee,,4 GB,128 GB,Nee,0,Ja,Nano sim,Ja,"5,84 """,2280 px,1080 px,432 ppi,,,Ja
nok_821539,821539,11CTLS01A06,Nokia,Nokia 7.1 Grijs,Nog niet bekend,0,Android,Android 9.0 Pie,"14,97 cm","7,18 cm","0,79 cm",160 g,Grijs,"Glas, Metaal",Nee,0,Nee,Mono,3 GB,32 GB,Ja,400 GB,Ja,Nano sim,Ja,"5,84 """,2280 px,1080 px,32 ppi,Full HD (1080p),IPS - LCD,Ja
app_734130,734130,MN4U2ZD/A,Apple,Apple iPhone 7 Plus 128 GB Rose Gold,D,"1,24 W/kg",iOS,iOS 11,"15,82 cm","7,7 cm","0,73 cm",188 g,Rosé Goud,"Glas, Metaal",Ja,IP67,Nee,Stereo,3 GB,128 GB,Nee,0,Ja,Nano sim,Nee,"5,5 """,1920 px,1080 px,401 ppi,Full HD (1080p),IPS - LCD,Nee
sam_817228,817228,SM-N960FZBDPHN,Samsung,Samsung Galaxy Note 9 128GB Blauw,D,"1,509 W/kg",Android,Android 9.0 Pie,"16,19 cm","76,4 mm","0,88 cm",201 g,Blauw,"Glas, Metaal",Ja,IP68,Nee,Stereo,6 GB,128 GB,Ja,512 GB,Ja,Nano sim,Ja,"6,4 """,1440 px,2960 px,516 ppi,Quad HD (1440p),AMOLED,Ja
hon_825447,825447,51093HKX,Honor,Honor View 20 128 GB Blauw,Nog niet bekend,0,Android,Android 9.0 Pie,"15,69 cm","7,54 cm","0,81 cm",180 g,Blauw,"Glas, Metaal",Nee,0,Nee,Mono,6 GB,128 GB,Nee,0,Ja,Nano sim,Ja,"6,4 inch",2310 px,1080 px,398 ppi,Full HD (1080p),IPS - LCD,Ja
app_648440,648440,MN2X2ZD/A,Apple,Apple iPhone 6s Plus 32GB Gold,C,"0,98 W/kg",iOS,iOS 11,"15,8 cm","7,8 cm","0,73 cm",192 g,Goud,"Glas, Metaal",Nee,0,Nee,Mono,2 GB,32 GB,Nee,0,Ja,Nano sim,Nee,"5,5 """,1920 px,1080 px,401 ppi,Full HD (1080p),IPS - LCD,Ja
hua_818807,818807,51092RAQ,Huawei,Huawei Mate 20 Lite Goud,Nog niet bekend,0,Android,Android 8.1 Oreo,"15,8 cm","7,5 cm","0,76 cm",172 g,Goud,"Glas, Metaal",Nee,0,Nee,Stereo,4 GB,64 GB,Ja,256 GB,Ja,Nano sim,Ja,"6,3 """,1080 px,2340 px,409 ppi,Full HD (1080p),IPS - LCD,Ja
app_819947,819947,MT572ZD/A,Apple,Apple iPhone Xs Max 512 GB Zilver,Nog niet bekend,0,iOS,iOS 12,"15,75 cm","7,74 cm","0,77 cm",208 g,Zilver,"Glas, Metaal",Ja,IP68,Nee,Stereo,4 GB,512 GB,Nee,0,Ja,Nano sim,Ja,"6,5 """,2688 px,1242 px,458 ppi,Quad HD (1440p),OLED,Nee
sam_827073,827073,SM-G970FZYDPHN,Samsung,Samsung Galaxy S10e 128GB Geel,Nog niet bekend,0,Android,Android 9.0 Pie,"14,22 cm","6,99 cm","0,79 cm",150 g,Geel,"Glas, Metaal",Ja,IP68,Nee,Stereo,6 GB,128 GB,Ja,512 GB,Ja,Nano sim,Ja,"5,8 inch",2280 px,1080 px,438 ppi,Full HD (1080p),AMOLED,Ja
sam_829626,829626,SM-G970FZBDPHN,Samsung,Samsung Galaxy S10e 128GB Blauw,Nog niet bekend,0,Android,Android 9.0 Pie,"14,22 cm","6,99 cm","0,79 cm",150 g,Blauw,"Glas, Metaal",Ja,IP68,Nee,Stereo,6 GB,128 GB,Ja,512 GB,Ja,Nano sim,Ja,"5,8 """,2280 px,1080 px,438 ppi,Full HD (1080p),AMOLED,Ja
sam_829627,829627,0,Samsung,Samsung Galaxy S10 128GB Blauw,Nog niet bekend,0,Android,Android 9.0 Pie,"14,99 cm","7,04 cm","0,78 cm",157 g,Blauw,"Glas, Metaal",Ja,IP68,Nee,Stereo,8 GB,128 GB,Ja,512 GB,Ja,Nano sim,Ja,"6,1 """,3040 px,1440 px,550 ppi,Quad HD (1440p),AMOLED,Ja
sam_829628,829628,SM-G975FZBDPHN,Samsung,Samsung Galaxy S10 Plus 128GB Blauw,Nog niet bekend,0,Android,Android 9.0 Pie,"15,76 cm","7,41 cm","0,78 cm",175 g,Blauw,"Glas, Metaal",Ja,IP68,Nee,Stereo,8 GB,128 GB,Ja,512 GB,Ja,Nano sim,Ja,"6,4 """,3040 px,1440 px,522 ppi,Quad HD (1440p),AMOLED,Ja
sam_827071,827071,SM-G970FZWDPHN,Samsung,Samsung Galaxy S10e 128GB Wit,Nog niet bekend,0,Android,Android 9.0 Pie,"14,22 cm","6,99 cm","0,79 cm",150 g,Wit,"Glas, Metaal",Ja,IP68,Nee,Stereo,6 GB,128 GB,Ja,512 GB,Ja,Nano sim,Ja,"5,8 inch",2280 px,1080 px,438 ppi,Full HD (1080p),AMOLED,Ja
son_802456,802456,1313-6513,Sony,Sony Xperia XA2 Zwart,C,"1,07 W/kg",Android,Android 8.0 Oreo,"14,2 cm",7 cm,"0,96 cm",170 g,Zwart,Metaal,Nee,0,Nee,Mono,3 GB,32 GB,Ja,256 GB,Ja,Nano sim,Nee,"5,2 """,1920 px,1080 px,424 ppi,Full HD (1080p),IPS - LCD,Ja
hua_806994,806994,51092FGV,Huawei,Huawei P20 Pro Blauw,B,"0,73 W/kg",Android,Android 8.1 Oreo,"15,5 cm","7,39 cm","0,765 cm",174 g,Blauw,"Glas, Metaal",Ja,IP67,Nee,Stereo,6 GB,128 GB,Nee,0,Ja,Nano sim,Ja,"6,1 """,1080 px,2240 px,408 ppi,Full HD (1080p),OLED,Nee
app_793686,793686,MQ8R2ZD/A,Apple,Apple iPhone 8 Plus 256GB Goud,C,"0,99 W/kg",iOS,iOS 11,"15,8 cm","7,8 cm","0,7 cm",202 g,Goud,"Glas, Metaal",Ja,IP67,Nee,Stereo,3 GB,256 GB,Nee,0,Ja,Nano sim,Nee,"5,5 """,1080 px,1920 px,401 ppi,Full HD (1080p),IPS - LCD,Nee
son_806523,806523,1313-8388,Sony,Sony Xperia XZ2 Compact Zilver,B,"0,77 W/kg",Android,Android 8.0 Oreo,"13,5 cm","6,5 cm","1,23 cm",168 g,Zilver,Metaal,Ja,IP65,Nee,Stereo,4 GB,64 GB,Ja,256 GB,Ja,Nano sim,Ja,"5 """,2160 px,1080 px,483 ppi,Full HD (1080p),IPS - LCD,Nee
son_827296,827296,1318-2958,Sony,Sony Xperia 10 Zwart,Nog niet bekend,0,Android,Android 9.0 Pie,"15,6 cm","6,8 cm","0,84 cm",162 g,Zwart,Glas,Nee,0,Nee,Stereo,3 GB,64 GB,Ja,512 GB,Ja,Nano sim,Nee,6 inch,2520 px,1080 px,457 ppi,Full HD (1080p),IPS - LCD,Ja
hon_818867,818867,51092SKU,Honor,Honor Play Blauw,Nog niet bekend,0,Android,Android 8.1 Oreo,"15,79 cm","7,43 cm","0,75 cm",176 g,Zwart,Metaal,Nee,0,Nee,Stereo,4 GB,64 GB,Ja,256 GB,Ja,Nano sim,Ja,"6,3 """,2340 px,1080 px,409 ppi,Full HD (1080p),IPS - LCD,Ja
app_648478,648478,MKUE2ZD/A,Apple,Apple iPhone 6s Plus 128GB Zilver,C,"0,98 W/kg",iOS,iOS 11,"15,8 cm","7,8 cm","0,73 cm",192 g,Zilver,"Glas, Metaal",Nee,0,Nee,Mono,2 GB,128 GB,Nee,0,Ja,Nano sim,Nee,"5,5 """,1920 px,1080 px,401 ppi,Full HD (1080p),IPS - LCD,Ja
lg_814762,814762,LGNL-LMQ610-Q7-BLU,LG,LG Q7 Blauw,Nog niet bekend,0,Android,Android 8.1 Oreo,"14,38 cm","6,93 cm","0,84 cm",145 g,Blauw,Metaal,Nee,0,Nee,Mono,3 GB,32 GB,Ja,512 GB,Ja,Nano sim,Nee,"5,5 """,2160 px,1080 px,439 ppi,Full HD (1080p),IPS - LCD,Ja
app_819347,819347,MRYL2ZD/A,Apple,Apple iPhone Xr 256 GB Wit,Nog niet bekend,0,iOS,iOS 12,"15,09 cm","7,57 cm","0,83 cm",194 g,Wit,"Glas, Metaal",Ja,IP67,Nee,Stereo,3 GB,256 GB,Nee,0,Ja,Nano sim,Ja,"6,1 """,1792 px,828 px,326 ppi,HD Ready (720p),IPS - LCD,Nee
cro_824694,824694,TRX4.BO.NR155,CrossCall,Crosscall Trekker X4,Nog niet bekend,"1,426 W/kg",Android,Android 8.1 Oreo,"16,26 cm","8,2 cm","1,285 cm",250 g,Zwart,"Glas, Kunststof",Ja,IP68,Ja,Stereo,4 GB,64 GB,Ja,512 GB,Ja,Nano sim,Ja,"5,5 inch",1080 px,1920 px,401 ppi,Full HD (1080p),IPS - LCD,Ja
sam_827286,827286,SM-G975FCWHPHN,Samsung,Samsung Galaxy S10 Plus 1TB Keramisch Wit,Nog niet bekend,0,Android,Android 9.0 Pie,"15,76 cm","7,41 cm","0,78 cm",175 g,Wit,"Glas, Metaal, Keramiek",Ja,IP68,Nee,Stereo,12 GB,1 TB,Ja,512 GB,Ja,Nano sim,Ja,"6,4 inch",3040 px,1440 px,522 ppi,Quad HD (1440p),AMOLED,Ja
app_648446,648446,MKUF2ZD/A,Apple,Apple iPhone 6s Plus 128GB Goud,C,"0,98 W/kg",iOS,iOS 11,"15,8 cm","7,8 cm","0,73 cm",192 g,Goud,"Glas, Metaal",Nee,0,Nee,Mono,2 GB,128 GB,Nee,0,Ja,Nano sim,Nee,"5,5 """,1920 px,1080 px,401 ppi,Full HD (1080p),IPS - LCD,Ja
sam_820190,820190,SM-J610FZKNPHN,Samsung,Samsung Galaxy J6 Plus Zwart,Nog niet bekend,0,Android,Android 8.1 Oreo,"16,12 cm","7,67 cm","0,79 cm",178 g,"Goud, Grijs, Zwart",Kunststof,Nee,0,Nee,Stereo,3 GB,32 GB,Ja,512 GB,Ja,Nano sim,Ja,"6 """,720 px,1480 px,274 ppi,HD Ready (720p),IPS - LCD,Ja
hon_821696,821696,51092LXU,Honor,Honor 10 128GB Blauw,Nog niet bekend,0,Android,Android 8.1 Oreo,"14,9 cm","7,12 cm","0,77 cm",153 g,Blauw,Glas,Nee,0,Nee,Mono,4 GB,128 GB,Nee,0,Ja,Nano sim,Ja,"5,84 """,2280 px,1080 px,432 ppi,Full HD (1080p),IPS - LCD,Ja
opp_825284,825284,CPH1875RD,Oppo,Oppo Find X Rood,Nog niet bekend,0,Android,Android 8.1 Oreo,"15,67 cm","7,42 cm","0,94 cm",186 g,Rood,"Glas, Metaal",Nee,0,Nee,Stereo,8 GB,256 GB,Nee,0,Ja,Nano sim,Ja,"6,42 inch",2340 px,1080 px,401 ppi,Full HD (1080p),AMOLED,Nee
app_648494,648494,MKUG2ZD/A,Apple,Apple iPhone 6s Plus 128GB Rose Gold,C,"0,98 W/kg",iOS,iOS 11,"15,8 cm","7,8 cm","0,73 cm",192 g,Roze,"Glas, Metaal",Nee,0,Nee,Mono,2 GB,128 GB,Nee,0,Ja,Nano sim,Nee,"5,5 """,1920 px,1080 px,401 ppi,Full HD (1080p),IPS - LCD,Ja
hua_806991,806991,51092FGM,Huawei,Huawei P20 Blauw,B,"0,76 W/kg",Android,Android 8.1 Oreo,"14,91 cm","7,08 cm","0,765 cm",165 g,Blauw,"Glas, Metaal",Nee,,Nee,Mono,4 GB,128 GB,Nee,0,Ja,Nano sim,Ja,"5,8 """,1080 px,2240 px,429 ppi,Full HD (1080p),IPS - LCD,Nee
app_734154,734154,MN4Q2ZD/A,Apple,Apple iPhone 7 Plus 128 GB Goud,D,"1,24 W/kg",iOS,iOS 11,"15,82 cm","7,7 cm","0,73 cm",188 g,Goud,"Glas, Metaal",Ja,IP67,Nee,Stereo,3 GB,128 GB,Nee,0,Ja,Nano sim,Nee,"5,5 """,1920 px,1080 px,401 ppi,Full HD (1080p),IPS - LCD,Nee
sam_812748,812748,SM-G965FZDDPHN,Samsung,Samsung Galaxy S9 Plus 64 GB Goud,A,"0,294 W/kg",Android,Android 9.0 Pie,"15,81 cm","7,38 cm","0,85 cm",189 g,Goud,"Glas, Metaal",Ja,IP68,Nee,Stereo,6 GB,64 GB,Ja,400 GB,Ja,Nano sim,Ja,"6,2 """,2960 px,1440 px,529 ppi,Quad HD (1440p),AMOLED,Ja
app_793977,793977,MQU72ZD/A,Apple,Apple iPhone 7 Plus 32 GB Jet Black,D,"1,24 W/kg",iOS,iOS 11,"15,82 cm","7,79 cm","0,73 cm",188 g,Zwart,"Glas, Metaal",Ja,IP67,Nee,Stereo,3 GB,32 GB,Nee,0,Ja,Nano sim,Nee,"5,5 """,1920 px,1080 px,401 ppi,Full HD (1080p),IPS - LCD,Nee
son_827295,827295,1318-3661,Sony,Sony Xperia 10 Blauw,Nog niet bekend,0,Android,Android 9.0 Pie,"15,6 cm","6,8 cm","0,84 cm",162 g,Blauw,Glas,Nee,0,Nee,Stereo,3 GB,64 GB,Ja,512 GB,Ja,Nano sim,Nee,6 inch,2520 px,1080 px,457 ppi,Full HD (1080p),IPS - LCD,Ja
sam_828146,828146,SM-A505FZOSPHN,Samsung,Samsung Galaxy A50 Oranje,Nog niet bekend,0,Android,Android 9.0 Pie,"15,58 cm","7,47 cm","0,77 cm",186 g,Oranje,Kunststof,Nee,0,Nee,Mono,4 GB,128 GB,Ja,512 GB,Ja,Nano sim,Ja,"6,4 inch",2340 px,1080 px,403 ppi,Full HD (1080p),AMOLED,Ja
app_819965,819965,MRYM2ZD/A,Apple,Apple iPhone Xr 256 GB RED,Nog niet bekend,0,iOS,iOS 12,"15,09 cm","7,57 cm","0,83 cm",194 g,Rood,"Glas, Metaal",Ja,IP67,Nee,Stereo,3 GB,256 GB,Nee,0,Ja,Nano sim,Ja,"6,1 """,1792 px,828 px,326 ppi,HD Ready (720p),IPS - LCD,Nee
son_819001,819001,1316-2461,Sony,Sony Xperia XZ3 Groen,Nog niet bekend,0,Android,Android 9.0 Pie,"15,8 cm","7,3 cm",1 cm,195 g,Groen,"Glas, Metaal",Ja,IP68,Nee,Stereo,4 GB,64 GB,Ja,512 GB,Ja,Nano sim,Ja,"6 """,2880 px,1440 px,537 ppi,Quad HD (1440p),OLED,Nee
sam_672846,672846,SM-G930FZKAPHN,Samsung,Samsung Galaxy S7 Zwart,A,"0,279 W/kg",Android,Android 7.0 Nougat,"14,24 cm","6,9 cm","0,79 cm",152 g,Zwart,"Glas, Metaal",Ja,IP68,Nee,Mono,4 GB,32 GB,Ja,256 GB,Ja,Nano sim,Nee,"5,1 """,2560 px,1440 px,576 ppi,Quad HD (1440p),AMOLED,Ja
lg_823686,823686,LMQ850EMW.ADECBK,LG,LG G7 Fit Zwart,A,"0,24 W/kg",Android,Android 8.0 Oreo,"15,32 cm","7,19 cm","0,79 cm",162 g,Zwart,Metaal,Ja,IP68,Nee,Mono,4 GB,32 GB,Ja,512 GB,Ja,Nano sim,Ja,"6,1 """,1440 px,3120 px,563 ppi,Quad HD (1440p),IPS - LCD,Ja
mot_789405,789405,PA6V0101NL,Motorola,Motorola Moto G5S Plus Grijs,C,"1,19 W/kg",Android,Android 7.1 Nougat,"15,3 cm","7,6 cm","0,9 cm",168 g,Grijs,Metaal,Nee,0,Nee,Stereo,4 GB,32 GB,Ja,128 GB,Ja,Nano sim,Ja,"5,5 """,1920 px,1080 px,401 ppi,Full HD (1080p),IPS - LCD,Ja
sam_820189,820189,SM-J610FZANPHN,Samsung,Samsung Galaxy J6 Plus Grijs,Nog niet bekend,0,Android,Android 8.1 Oreo,"16,12 cm","7,67 cm","0,79 cm",178 g,Grijs,Kunststof,Nee,0,Nee,Stereo,3 GB,32 GB,Ja,512 GB,Ja,Nano sim,Ja,"6 """,720 px,1480 px,274 ppi,HD Ready (720p),IPS - LCD,Ja
sam_826995,826995,SM-G973FZWGPHN,Samsung,Samsung Galaxy S10 512GB Wit,Nog niet bekend,0,Android,Android 9.0 Pie,"14,99 cm","7,04 cm","0,78 cm",157 g,Wit,"Glas, Metaal",Ja,IP68,Nee,Stereo,8 GB,512 GB,Ja,512 GB,Ja,Nano sim,Ja,"6,1 inch",3040 px,1440 px,550 ppi,Quad HD (1440p),AMOLED,Ja
lg_825677,825677,LMV405EBW.ADECWU,LG,LG V40 ThinQ Blauw,Nog niet bekend,0,Android,Android 8.1 Oreo,"15,88 cm","7,57 cm","0,76 cm",169 g,Blauw,"Glas, Metaal",Ja,IP68,Ja,Stereo,6 GB,128 GB,Ja,512 GB,Ja,Nano sim,Ja,"6,4 inch",0,0,537 ppi,Quad HD (1440p),OLED,Ja
hua_802953,802953,51092CTE,Huawei,Huawei P Smart Goud,D,"1,27 W/kg",Android,Android 8.0 Oreo,"15,01 cm","7,2 cm","0,745 cm",143 g,Goud,"Kunststof, Metaal",Nee,0,Nee,Mono,3 GB,32 GB,Ja,256 GB,Ja,Nano sim,Ja,"5,65 """,2160 px,1080 px,427 ppi,Full HD (1080p),IPS - LCD,Ja
xia_825441,825441,MZB6717EU,Xiaomi,Xiaomi Pocophone F1 Blauw,D,"1,582 W/kg",Android,Android 8.1 Oreo,"15,55 cm","7,53 cm","0,88 cm",180 g,Blauw,Kunststof,Nee,0,Nee,Mono,6 GB,64 GB,Ja,256 GB,Ja,Nano sim,Ja,"6,18 inch",2246 px,1080 px,403 ppi,Full HD (1080p),IPS - LCD,Ja
rug_828702,828702,99020250,Ruggear,RugGear RG650 Zwart,Nog niet bekend,0,Android,Android 8.1 Oreo,"14,9 cm","7,4 cm","1,3 cm",149 g,Zwart,Kunststof,Ja,IP68,Ja,Mono,2 GB,16 GB,Ja,32 GB,Ja,Nano sim,Ja,"5,5 """,1440 px,720 px,292 ppi,HD Ready (720p),TFT,Ja
app_819966,819966,MRYQ2ZD/A,Apple,Apple iPhone Xr 256 GB Blauw,Nog niet bekend,0,iOS,iOS 12,"15,09 cm","7,57 cm","0,83 cm",194 g,Blauw,"Glas, Metaal",Ja,IP67,Nee,Stereo,3 GB,256 GB,Nee,0,Ja,Nano sim,Ja,"6,1 """,1792 px,828 px,326 ppi,HD Ready (720p),IPS - LCD,Nee
nok_825011,825011,11PDAB01A07,Nokia,Nokia 5.1 Plus Zwart,E,"1,74 W/kg",Android,Android 9.0 Pie,"14,95 cm","7,19 cm","0,8 cm",160 g,Zwart,"Glas, Kunststof",Nee,0,Nee,Mono,3 GB,32 GB,Ja,400 GB,Ja,Nano sim,Ja,"5,86 inch",1520 px,720 px,287 ppi,HD Ready (720p),IPS - LCD,Ja
sam_820192,820192,SM-J415FZDGPHN,Samsung,Samsung Galaxy J4 Plus Goud,Nog niet bekend,0,Android,Android 8.1 Oreo,"16,14 cm","7,69 cm","0,79 cm",178 g,"Goud, Zwart",Kunststof,Nee,0,Nee,Stereo,2 GB,32 GB,Ja,512 GB,Ja,Nano sim,Ja,"6 """,720 px,1480 px,274 ppi,HD Ready (720p),IPS - LCD,Ja
xia_828048,828048,MZB7436EU,Xiaomi,Xiaomi Mi 9 128GB Blauw,Nog niet bekend,0,Android,Android 9.0 Pie,"15,75 cm","7,46 cm","0,76 cm",173 g,"Blauw, Zwart","Glas, Metaal",Nee,0,Nee,Mono,6 GB,128 GB,Nee,0,Ja,Nano sim,Ja,"6,39 inch",2340 px,1080 px,403 ppi,Full HD (1080p),AMOLED,Ja
hon_818863,818863,51092SKV,Honor,Honor Play Zwart,Nog niet bekend,0,Android,Android 8.1 Oreo,"15,79 cm","7,43 cm","0,75 cm",176 g,Zwart,Metaal,Nee,0,Nee,Stereo,4 GB,64 GB,Ja,256 GB,Ja,Nano sim,Ja,"6,3 """,2340 px,1080 px,409 ppi,Full HD (1080p),IPS - LCD,Ja
sam_829108,829108,SM-A405FZKDPHN,Samsung,Samsung Galaxy A40 64GB Zwart,Nog niet bekend,0,Android,Android 9.0 Pie,"14,43 cm","6,91 cm","0,79 cm",140 g,Zwart,Kunststof,Nee,0,Nee,Stereo,4 GB,64 GB,Ja,512 GB,Ja,Nano sim,Ja,"5,9 """,2340 px,1080 px,438 ppi,Full HD (1080p),AMOLED,Ja
hua_811988,811988,HUNLY6-18-DS-GLD,Huawei,Huawei Y6 (2018) Dual Sim Goud,A,"0,31 W/kg",Android,Android 8.0 Oreo,"15,24 cm","7,3 cm","0,78 cm",150 g,Goud,Kunststof,Nee,0,Nee,Mono,2 GB,16 GB,Ja,256 GB,Ja,Nano sim,Ja,"5,7 """,720 px,1440 px,283 ppi,HD Ready (720p),IPS - LCD,Ja
sam_826996,826996,SM-G973FZGGPHN,Samsung,Samsung Galaxy S10 512GB Groen,Nog niet bekend,0,Android,Android 9.0 Pie,"14,99 cm","7,04 cm","0,78 cm",157 g,Groen,"Glas, Metaal",Ja,IP68,Nee,Stereo,8 GB,512 GB,Ja,512 GB,Ja,Nano sim,Ja,"6,1 inch",3040 px,1440 px,550 ppi,Quad HD (1440p),AMOLED,Ja
xia_828045,828045,MZB7438EU,Xiaomi,Xiaomi Mi 9 64GB Zwart,Nog niet bekend,0,Android,Android 9.0 Pie,"15,75 cm","7,46 cm","0,76 cm",173 g,Zwart,"Glas, Metaal",Nee,0,Nee,Mono,6 GB,64 GB,Nee,0,Ja,Nano sim,Ja,"6,39 inch",2340 px,1080 px,403 ppi,Full HD (1080p),AMOLED,Ja
son_827298,827298,1318-2961,Sony,Sony Xperia 10 Roze,Nog niet bekend,0,Android,Android 9.0 Pie,"15,6 cm","6,8 cm","0,84 cm",162 g,Roze,Glas,Nee,0,Nee,Stereo,3 GB,64 GB,Ja,512 GB,Ja,Nano sim,Nee,6 inch,2520 px,1080 px,457 ppi,Full HD (1080p),IPS - LCD,Ja
lg_811871,811871,LMG710EM.ADECBK,LG,LG G7 Zwart,A,"0,24 W/kg",Android,Android 8.0 Oreo,"15,32 cm","7,19 cm","0,79 cm",162 g,Zwart,Metaal,Ja,IP68,Nee,Mono,4 GB,64 GB,Ja,512 GB,Ja,Nano sim,Nee,"6,1 """,1440 px,3120 px,563 ppi,Quad HD (1440p),IPS - LCD,Ja
app_825429,825429,5060594,Apple,Apple iPhone XR 128 GB Zwart + 18w Lightning Snellader,Nog niet bekend,0,iOS,iOS 12,"15,09 cm","7,57 cm","0,83 cm",194 g,Zwart,"Glas, Metaal",Ja,IP67,Nee,Stereo,3 GB,128 GB,Nee,0,Ja,Nano sim,Ja,"6,1 inch",1792 px,828 px,326 ppi,HD Ready (720p),IPS - LCD,Nee
son_827299,827299,1318-2966,Sony,Sony Xperia 10 Plus Zwart,Nog niet bekend,0,Android,Android 9.0 Pie,"16,7 cm","7,3 cm","0,83 cm",180 g,Zwart,Glas,Nee,0,Nee,Stereo,4 GB,64 GB,Ja,512 GB,Ja,Nano sim,Nee,"6,5 inch",2520 px,1080 px,422 ppi,Full HD (1080p),IPS - LCD,Ja
hua_828488,828488,51093KRQ,Huawei,Huawei Y7 (2019) Dual Sim Blauw,Nog niet bekend,0,Android,Android 8.1 Oreo,"15,89 cm","7,69 cm","0,81 cm",168 g,Blauw,Kunststof,Nee,0,Nee,Mono,3 GB,32 GB,Ja,512 GB,Ja,Nano sim,Ja,"6,26 inch",1520 px,720 px,269 ppi,HD Ready (720p),IPS - LCD,Ja
hon_822034,822034,51092XXK,Honor,Honor 8X 128 GB Zwart,Nog niet bekend,0,Android,Android 8.1 Oreo,16 cm,"7,6 cm","0,8 cm",175 g,Zwart,Glas,Nee,0,Nee,Stereo,4 GB,128 GB,Ja,400 GB,Ja,Nano sim,Ja,"6,5 """,2340 px,1080 px,397 ppi,Full HD (1080p),IPS - LCD,Ja
hua_821693,821693,51092WYC,Huawei,Huawei Mate 20 Blauw,C,"0,99 W/kg",Android,Android 9.0 Pie,"15,82 cm","7,72 cm","0,83 cm",188 g,Blauw,"Glas, Metaal",Ja,IP53,Nee,Stereo,4 GB,128 GB,Ja,256 GB,Ja,Nano sim,Ja,"6,53 """,2224 px,1080 px,381 ppi,Full HD (1080p),IPS - LCD,Ja
mot_814744,814744,PABH0020NL,Motorola,Motorola Moto Z3 Play Blauw,D,"1,24 W/kg",Android,Android 8.1 Oreo,"15,6 cm","7,6 cm","0,6 cm",156 g,Blauw,Metaal,Nee,0,Nee,Stereo,4 GB,64 GB,Ja,128 GB,Ja,Nano sim,Ja,"6 """,2160 px,1080 px,401 ppi,Full HD (1080p),AMOLED,Ja
opp_825283,825283,CPH1875BE,Oppo,Oppo Find X Blauw,Nog niet bekend,0,Android,Android 8.1 Oreo,"15,67 cm","7,42 cm","0,94 cm",186 g,Blauw,"Glas, Metaal",Nee,0,Nee,Stereo,8 GB,256 GB,Nee,0,Ja,Nano sim,Ja,"6,42 inch",2340 px,1080 px,401 ppi,Full HD (1080p),AMOLED,Nee
nok_807356,807356,N6.1-WHT,Nokia,Nokia 6.1 32 GB Wit,C,"0,94 W/kg",Android,Android 9.0 Pie,"14,88 cm","7,58 cm","0,815 cm",172 g,Wit,Metaal,Nee,0,Nee,Mono,3 GB,32 GB,Ja,256 GB,Ja,Nano sim,Ja,"5,5 """,1080 px,1920 px,401 ppi,Full HD (1080p),IPS - LCD,Ja
nok_825006,825006,11ROOL01A08,Nokia,Nokia 3.1 Plus Blauw,D,"1,576 W/kg",Android,Android 9.0 Pie,"15,66 cm","7,64 cm","0,81 cm",180 g,Blauw,"Glas, Metaal",Nee,0,Nee,Mono,3 GB,32 GB,Ja,400 GB,Ja,Nano sim,Ja,"5,99 inch",1440 px,720 px,268 ppi,HD Ready (720p),IPS - LCD,Ja
opp_825293,825293,CPH1877RT,Oppo,Oppo RX17 Pro Blauw,Nog niet bekend,0,Android,Android 8.1 Oreo,"15,76 cm","7,46 cm","0,79 cm",183 g,Blauw,"Glas, Kunststof",Nee,0,Nee,Stereo,6 GB,128 GB,Nee,0,Ja,Nano sim,Ja,"6,4 inch",2340 px,1080 px,402 ppi,Full HD (1080p),AMOLED,Nee
app_819967,819967,MRYP2ZD/A,Apple,Apple iPhone Xr 256 GB Koraal,Nog niet bekend,0,iOS,iOS 12,"15,09 cm","7,57 cm","0,83 cm",194 g,Oranje,"Glas, Metaal",Ja,IP67,Nee,Stereo,3 GB,256 GB,Nee,0,Ja,Nano sim,Ja,"6,1 """,1792 px,828 px,326 ppi,HD Ready (720p),IPS - LCD,Nee
mot_825940,825940,PADY0016NL,Motorola,Motorola Moto G7 Wit,B,"0,45 W/kg",Android,Android 9.0 Pie,"15,7 cm","7,53 cm","0,79 cm",174 g,Wit,Kunststof,Ja,0,Nee,Mono,4 GB,64 GB,Ja,512 GB,Ja,Nano sim,Ja,"6,2 inch",2270 px,1080 px,403 ppi,Full HD (1080p),IPS - LCD,Ja
opp_825290,825290,CPH1893MD,Oppo,Oppo RX17 Neo Rood,Nog niet bekend,0,Android,Android 8.1 Oreo,"15,83 cm","7,55 cm","0,74 cm",156 g,Rood,"Glas, Kunststof",Nee,0,Nee,Stereo,4 GB,128 GB,Ja,256 GB,Ja,Nano sim,Ja,"6,41 inch",2340 px,1080 px,402 ppi,Full HD (1080p),AMOLED,Nee
asu_806019,806019,ZE620KL-1A009EU,Asus,Asus Zenfone 5 Blauw,D,"1,2 W/kg",Android,Android 8.0 Oreo,"15,3 cm","7,57 cm","0,77 cm",165 g,Blauw,"Glas, Metaal",Nee,0,Nee,Stereo,4 GB,64 GB,Ja,512 GB,Ja,Nano sim,Ja,"6,2 """,2246 px,1080 px,402 ppi,Full HD (1080p),IPS - LCD,Ja
app_819946,819946,MT9N2ZD/A,Apple,Apple iPhone Xs 512 GB Goud,Nog niet bekend,0,iOS,iOS 12,"14,36 cm","7,09 cm","0,77 cm",177 g,Goud,"Glas, Metaal",Ja,IP68,Nee,Stereo,4 GB,512 GB,Nee,0,Ja,Nano sim,Ja,"5,8 """,2436 px,1125 px,458 ppi,Quad HD (1440p),OLED,Nee
sam_805205,805205,SM-G965FZPDPHN,Samsung,Samsung Galaxy S9 Plus 64GB Paars,A,"0,294 W/kg",Android,Android 9.0 Pie,"15,81 cm","7,38 cm","0,85 cm",189 g,Paars,"Glas, Metaal",Ja,IP68,Nee,Stereo,6 GB,64 GB,Ja,400 GB,Ja,Nano sim,Ja,"6,2 """,2960 px,1440 px,529 ppi,Quad HD (1440p),AMOLED,Ja
opp_827271,827271,CPH1903GE,Oppo,Oppo AX7 Blauw,Nog niet bekend,0,Android,Android 8.1 Oreo,"15,5 cm","7,54 cm","0,81 cm",168 g,Blauw,Kunststof,Nee,0,Nee,Stereo,4 GB,64 GB,Ja,256 GB,Ja,Nano sim,Ja,"6,2 inch",720 px,1520 px,270 ppi,HD Ready (720p),IPS - LCD,Ja
nok_807348,807348,N6.1-BLK,Nokia,Nokia 6.1 32 GB Zwart,C,"0,94 W/kg",Android,Android 9.0 Pie,"14,88 cm","7,58 cm","0,815 cm",172 g,"Goud, Zwart",Metaal,Nee,0,Nee,Mono,3 GB,32 GB,Ja,256 GB,Ja,Nano sim,Ja,"5,5 """,1080 px,1920 px,401 ppi,Full HD (1080p),IPS - LCD,Ja
son_827301,827301,1318-2968,Sony,Sony Xperia 10 Plus Blauw,Nog niet bekend,0,Android,Android 9.0 Pie,"16,7 cm","7,3 cm","0,83 cm",180 g,Blauw,Glas,Nee,0,Nee,Stereo,4 GB,64 GB,Ja,512 GB,Ja,Nano sim,Nee,"6,5 inch",2520 px,1080 px,422 ppi,Full HD (1080p),IPS - LCD,Ja
son_827302,827302,1318-2954,Sony,Sony Xperia 10 Plus Goud,Nog niet bekend,0,Android,Android 9.0 Pie,"16,7 cm","7,3 cm","0,83 cm",180 g,Goud,Glas,Nee,0,Nee,Stereo,4 GB,64 GB,Ja,512 GB,Ja,Nano sim,Nee,"6,5 inch",2520 px,1080 px,422 ppi,Full HD (1080p),IPS - LCD,Ja
app_819349,819349,MRYN2ZD/A,Apple,Apple iPhone Xr 256 GB Geel,Nog niet bekend,0,iOS,iOS 12,"15,09 cm","7,57 cm","0,83 cm",194 g,Geel,"Glas, Metaal",Ja,IP67,Nee,Stereo,3 GB,256 GB,Nee,0,Ja,Nano sim,Ja,"6,1 """,1792 px,828 px,326 ppi,HD Ready (720p),IPS - LCD,Nee
hon_824865,824865,51093FMW,Honor,Honor 10 Lite Zilver/Blauw,B,"0,55 W/kg",Android,Android 9.0 Pie,"15,48 cm","7,37 cm","0,79 cm",162 g,Blauw,"Glas, Kunststof",Nee,0,Nee,Stereo,3 GB,64 GB,Ja,512 GB,Ja,Nano sim,Ja,"6,21 inch",2340 px,1080 px,415 ppi,Full HD (1080p),IPS - LCD,Ja
opp_825292,825292,CPH1877EN,Oppo,Oppo RX17 Pro Groen,Nog niet bekend,0,Android,Android 8.1 Oreo,"15,76 cm","7,46 cm","0,79 cm",183 g,Groen,"Glas, Kunststof",Nee,0,Nee,Stereo,6 GB,128 GB,Nee,0,Ja,Nano sim,Ja,"6,4 inch",2340 px,1080 px,402 ppi,Full HD (1080p),AMOLED,Nee
opp_825289,825289,CPH1893AE,Oppo,Oppo RX17 Neo Blauw,Nog niet bekend,0,Android,Android 8.1 Oreo,"15,83 cm","7,55 cm","0,74 cm",156 g,Blauw,"Glas, Kunststof",Nee,0,Nee,Stereo,4 GB,128 GB,Ja,256 GB,Ja,Nano sim,Ja,"6,41 inch",2340 px,1080 px,402 ppi,Full HD (1080p),AMOLED,Nee
nok_817749,817749,11CO2B01A08,Nokia,Nokia 5.1 Zwart,Nog niet bekend,0,Android,Android 9.0 Pie,"15,1 cm","7,07 cm","0,82 cm",160 g,Zwart,Metaal,Nee,0,Ja,Mono,2 GB,16 GB,Ja,128 GB,Ja,Nano sim,Ja,"5,5 """,1080 px,2160 px,439 ppi,Full HD (1080p),IPS - LCD,Ja
hua_821694,821694,51092WYG,Huawei,Huawei Mate 20 Paars,C,"0,99 W/kg",Android,Android 9.0 Pie,"15,82 cm","7,72 cm","0,83 cm",188 g,Meerkleurig,"Glas, Metaal",Ja,IP53,Nee,Stereo,4 GB,128 GB,Ja,256 GB,Ja,Nano sim,Ja,"6,53 """,2224 px,1080 px,381 ppi,Full HD (1080p),IPS - LCD,Ja
hua_821692,821692,51092WYE,Huawei,Huawei Mate 20 Zwart,C,"0,99 W/kg",Android,Android 9.0 Pie,"15,82 cm","7,72 cm","0,83 cm",188 g,Zwart,"Glas, Metaal",Ja,IP53,Nee,Stereo,4 GB,128 GB,Ja,256 GB,Ja,Nano sim,Ja,"6,53 """,2224 px,1080 px,381 ppi,Full HD (1080p),IPS - LCD,Ja
son_827303,827303,1318-6326,Sony,Sony Xperia L3 Zwart,Nog niet bekend,0,Android,Android 8.0 Oreo,"15,4 cm","7,2 cm","0,89 cm",156 g,Zwart,Glas,Nee,0,Nee,Stereo,3 GB,32 GB,Ja,512 GB,Ja,Nano sim,Nee,"5,7 inch",1440 px,720 px,282 ppi,HD Ready (720p),IPS - LCD,Ja
rug_828703,828703,99021420,Ruggear,RugGear RG850 Zwart,Nog niet bekend,0,Android,Android 8.1 Oreo,"16,5 cm","8,2 cm","1,3 cm",210 g,Zwart,Kunststof,Ja,IP68,Ja,Mono,3 GB,32 GB,Ja,128 GB,Ja,Nano sim,Ja,"6 """,1440 px,720 px,268 ppi,HD Ready (720p),TFT,Ja
hua_828487,828487,51093KRN,Huawei,Huawei Y7 (2019) Dual Sim Zwart,Nog niet bekend,0,Android,Android 8.1 Oreo,"15,89 cm","7,69 cm","0,81 cm",168 g,Zwart,Kunststof,Nee,0,Nee,Mono,3 GB,32 GB,Ja,512 GB,Ja,Nano sim,Ja,"6,26 inch",1520 px,720 px,269 ppi,HD Ready (720p),IPS - LCD,Ja
cro_813907,813907,CRS-ACTIONX3BUN,CrossCall,CrossCall Action X3,C,"0,803 W/kg",Android,Android 7.1 Nougat,"15,2 cm","7,9 cm","1,25 cm",213 g,Zwart,Kunststof,Ja,IP68,Ja,Mono,3 GB,32 GB,Ja,128 GB,Ja,Nano sim,Ja,"5 """,720 px,1280 px,450 ppi,HD Ready (720p),TFT,Ja
sam_829414,829414,SM-A405FZBDPHN,Samsung,Samsung Galaxy A40 64GB Blauw,Nog niet bekend,0,Android,Android 9.0 Pie,"14,43 cm","6,91 cm","0,79 cm",140 g,Blauw,Kunststof,Nee,0,Nee,Stereo,4 GB,64 GB,Ja,512 GB,Ja,Nano sim,Ja,"5,9 """,2340 px,1080 px,438 ppi,Full HD (1080p),AMOLED,Ja
sam_829418,829418,SM-A405FZODPHN,Samsung,Samsung Galaxy A40 64GB Oranje,Nog niet bekend,0,Android,Android 9.0 Pie,"14,43 cm","6,91 cm","0,79 cm",140 g,Oranje,Kunststof,Nee,0,Nee,Stereo,4 GB,64 GB,Ja,512 GB,Ja,Nano sim,Ja,"5,9 """,2340 px,1080 px,438 ppi,Full HD (1080p),AMOLED,Ja
son_819004,819004,1316-2462,Sony,Sony Xperia XZ3 Rood,Nog niet bekend,0,Android,Android 9.0 Pie,"15,8 cm","7,3 cm",1 cm,195 g,Rood,"Glas, Metaal",Ja,IP68,Nee,Stereo,4 GB,64 GB,Ja,512 GB,Ja,Nano sim,Ja,"6 """,2880 px,1440 px,537 ppi,Quad HD (1440p),OLED,Nee
son_827300,827300,1318-2967,Sony,Sony Xperia 10 Plus Zilver,Nog niet bekend,0,Android,Android 9.0 Pie,"16,7 cm","7,3 cm","0,83 cm",180 g,Zilver,Glas,Nee,0,Nee,Stereo,4 GB,64 GB,Ja,512 GB,Ja,Nano sim,Nee,"6,5 inch",2520 px,1080 px,422 ppi,Full HD (1080p),IPS - LCD,Ja
son_827297,827297,1318-2962,Sony,Sony Xperia 10 Zilver,Nog niet bekend,0,Android,Android 9.0 Pie,"15,6 cm","6,8 cm","0,84 cm",162 g,Zilver,Glas,Nee,0,Nee,Stereo,3 GB,64 GB,Ja,512 GB,Ja,Nano sim,Nee,6 inch,2520 px,1080 px,457 ppi,Full HD (1080p),IPS - LCD,Ja
son_819000,819000,1316-2460,Sony,Sony Xperia XZ3 Zilver,Nog niet bekend,0,Android,Android 9.0 Pie,"15,8 cm","7,3 cm",1 cm,195 g,Zilver,"Glas, Metaal",Ja,IP68,Nee,Stereo,4 GB,64 GB,Ja,512 GB,Ja,Nano sim,Ja,"6 """,2880 px,1440 px,537 ppi,Quad HD (1440p),OLED,Nee
son_802498,802498,1313-6518,Sony,Sony Xperia XA2 Zilver,C,"1,07 W/kg",Android,Android 8.0 Oreo,"14,2 cm",7 cm,"0,96 cm",170 g,Zilver,Metaal,Nee,0,Nee,Mono,3 GB,32 GB,Ja,256 GB,Ja,Nano sim,Nee,"5,2 """,1920 px,1080 px,424 ppi,Full HD (1080p),IPS - LCD,Ja
nok_807481,807481,N8110-YLW,Nokia,Nokia 8110 4G Geel,C,"0,95 W/kg",Merkgebonden,0,"13,34 cm","4,93 cm","1,49 cm",117 g,Geel,Kunststof,Nee,,Nee,Mono,512 MB,4 GB,Nee,0,Ja,Micro sim,Nee,"2,4 """,320 px,240 px,167 ppi,HD Ready (720p),IPS - LCD,Ja
dor_793491,793491,DOR-253-90087,Doro,Doro 8040 Wit,C,"1,19 W/kg",Android,Android 7.0 Nougat,"14,86 cm","7,1 cm","0,95 cm",165 g,Wit,Kunststof,Nee,0,Nee,Mono,2 GB,16 GB,Ja,32 GB,Ja,Nano sim,Nee,"5 """,1280 px,720 px,"293,7 ppi",SD,IPS - LCD,Ja
sam_826912,826912,816237-777602,Samsung,Samsung Galaxy Note 9 128GB Zwart + 128 GB micro SD,D,"1,509 W/kg",Android,Android 8.1 Oreo,"16,19 cm","7,64 cm","0,88 cm",201 g,Zwart,"Glas, Metaal",Ja,IP68,Nee,Stereo,6 GB,256 GB,Ja,512 GB,Ja,Nano sim,Ja,"6,4 inch",1440 px,2960 px,516 ppi,Quad HD (1440p),AMOLED,Ja
xia_828046,828046,MZB7435EU,Xiaomi,Xiaomi Mi 9 128GB Zwart,Nog niet bekend,0,Android,Android 9.0 Pie,"15,75 cm","7,46 cm","0,76 cm",173 g,Zwart,"Glas, Metaal",Nee,0,Nee,Mono,6 GB,128 GB,Nee,0,Ja,Nano sim,Ja,"6,39 inch",2340 px,1080 px,403 ppi,Full HD (1080p),AMOLED,Ja
hon_824864,824864,51093FMU,Honor,Honor 10 Lite Blauw,B,"0,55 W/kg",Android,Android 9.0 Pie,"15,48 cm","7,37 cm","0,79 cm",162 g,Blauw,"Glas, Kunststof",Nee,0,Nee,Stereo,3 GB,64 GB,Ja,512 GB,Ja,Nano sim,Ja,"6,21 inch",2340 px,1080 px,415 ppi,Full HD (1080p),IPS - LCD,Ja
lg_778531,778531,LGH870.ADECBK,LG,LG G6 Zwart,D,"1,153 W/kg",Android,Android 7.0 Nougat,"15,02 cm","7,19 cm","0,8 cm",163 g,"Grijs, Zwart","Glas, Metaal",Ja,IP68,Nee,Mono,4 GB,32 GB,Ja,256 GB,Ja,Nano sim,Nee,"5,7 """,2560 px,1440 px,564 ppi,Quad HD (1440p),IPS - LCD,Ja
xia_823727,823727,XIREDNOTE6PRO-64-BLK,Xiaomi,Xiaomi Redmi Note 6 PRO 64GB zwart,D,"1,476 W/kg",Android,Android 8.1 Oreo,"15,79 cm","7,64 cm","0,83 cm",182 g,Zwart,Metaal,Nee,0,Nee,Stereo,4 GB,64 GB,Ja,256 GB,Ja,Nano sim,Ja,"6,26 """,2280 px,1080 px,403 ppi,Full HD (1080p),IPS - LCD,Ja
sam_812167,812167,SM-A605FZVNPHN,Samsung,Samsung Galaxy A6 Plus (2018) Paars,B,"0,487 W/kg",Android,Android 8.0 Oreo,"16,01 cm","7,57 cm","0,79 cm",191 g,Paars,Metaal,Nee,0,Nee,Mono,3 GB,32 GB,Ja,512 GB,Ja,Nano sim,Ja,"6 """,2220 px,1080 px,411 ppi,Full HD (1080p),AMOLED,Ja
sam_812164,812164,SM-A605FZDNPHN,Samsung,Samsung Galaxy A6 Plus (2018) Goud,B,"0,487 W/kg",Android,Android 8.0 Oreo,"16,01 cm","7,57 cm","0,79 cm",191 g,Goud,Metaal,Nee,0,Nee,Mono,3 GB,32 GB,Ja,512 GB,Ja,Nano sim,Ja,"6 """,2220 px,1080 px,411 ppi,Full HD (1080p),AMOLED,Ja
hon_824522,824522,51093FMS,Honor,Honor 10 Lite Zwart,B,"0,55 W/kg",Android,Android 9.0 Pie,"15,48 cm","7,37 cm","0,79 cm",162 g,Zwart,"Glas, Kunststof",Nee,0,Nee,Stereo,3 GB,64 GB,Ja,512 GB,Ja,Nano sim,Ja,"6,21 inch",2340 px,1080 px,415 ppi,Full HD (1080p),IPS - LCD,Ja
asu_806017,806017,ZS620KL-2A020EU,Asus,Asus Zenfone 5z Donkerblauw,Nog niet bekend,0,Android,Android 8.0 Oreo,"15,3 cm","7,57 cm","0,79 cm",165 g,Blauw,"Glas, Metaal",Nee,0,Ja,Stereo,6 GB,64 GB,Ja,512 GB,Ja,Nano sim,Ja,"6,2 """,1080 px,2246 px,402 ppi,Full HD (1080p),IPS - LCD,Ja
cro_824695,824695,COX3.BO.NR150,CrossCall,Crosscall Core X3,Nog niet bekend,"1,528 W/kg",Android,Android 8.1 Oreo,"15,25 cm","7,9 cm","1,25 cm",213 g,Blauw,"Glas, Kunststof",Ja,IP68,Ja,Mono,2 GB,16 GB,Ja,128 GB,Ja,Nano sim,Ja,5 inch,720 px,1280 px,294 ppi,HD Ready (720p),IPS - LCD,Ja
nok_825014,825014,11PDAW01A04,Nokia,Nokia 5.1 Plus Wit,E,"1,74 W/kg",Android,Android 9.0 Pie,"14,95 cm","7,19 cm","0,8 cm",160 g,Wit,"Glas, Kunststof",Nee,0,Nee,Mono,3 GB,32 GB,Ja,400 GB,Ja,Nano sim,Ja,"5,86 inch",1520 px,720 px,287 ppi,HD Ready (720p),IPS - LCD,Ja
asu_806018,806018,ZE620KL-1H010EU,Asus,Asus Zenfone 5 Zilver,D,"1,2 W/kg",Android,Android 8.0 Oreo,"15,3 cm","7,56 cm","0,77 cm",165 g,Zilver,"Glas, Metaal",Nee,0,Nee,Stereo,4 GB,64 GB,Ja,512 GB,Ja,Nano sim,Ja,"6,2 """,2246 px,1080 px,402 ppi,Full HD (1080p),IPS - LCD,Ja
son_818842,818842,1315-9715,Sony,Sony Xperia XA2 Plus Dual Sim 32GB Zilver,Nog niet bekend,0,Android,Android 8.0 Oreo,"15,7 cm","7,5 cm","0,96 cm",205 g,Zilver,Metaal,Nee,0,Nee,Mono,4 GB,32 GB,Ja,400 GB,Ja,Nano sim,Ja,"6 """,2160 px,1080 px,402 ppi,Full HD (1080p),IPS - LCD,Ja
hua_828489,828489,51093KRS,Huawei,Huawei Y7 (2019) Dual Sim Rood,Nog niet bekend,0,Android,Android 8.1 Oreo,"15,89 cm","7,69 cm","0,81 cm",168 g,Rood,Kunststof,Nee,0,Nee,Mono,3 GB,32 GB,Ja,512 GB,Ja,Nano sim,Ja,"6,26 inch",1520 px,720 px,269 ppi,HD Ready (720p),IPS - LCD,Ja
mot_813456,813456,PACG0026NL,Motorola,Motorola Moto E5 Grijs,B,"0,66 W/kg",Android,Android 8.0 Oreo,"15,4 cm","7,22 cm","0,9 cm",174 g,Grijs,Kunststof,Nee,0,Nee,Mono,2 GB,16 GB,Ja,128 GB,Ja,Nano sim,Ja,"5,7 """,1440 px,720 px,282 ppi,HD Ready (720p),IPS - LCD,Ja
app_773394,773394,MP822DN/A,Apple,Apple iPhone SE 32GB Space Gray,D,"1,59 W/kg",iOS,iOS 11,"12,38 cm","5,86 cm","0,76 cm",113 g,Grijs,Metaal,Nee,0,Nee,Mono,2 GB,32 GB,Nee,0,Ja,Nano sim,Nee,"4 """,1136 px,640 px,326 ppi,HD Ready (720p),IPS - LCD,Ja
mot_805282,805282,PAAV0023NL,Motorola,Motorola Moto G6 Plus Zilver,B,"0,44 W/kg",Android,Android 8.0 Oreo,"15,99 cm","7,55 cm","0,8 cm",167 g,Zilver,"Glas, Metaal",Nee,0,Nee,Stereo,4 GB,64 GB,Ja,128 GB,Ja,Nano sim,Ja,"5,9 """,2160 px,1080 px,407 ppi,Full HD (1080p),IPS - LCD,Ja
nok_825013,825013,11PDAL01A04,Nokia,Nokia 5.1 Plus Blauw,E,"1,74 W/kg",Android,Android 9.0 Pie,"14,95 cm","7,19 cm","0,8 cm",160 g,Blauw,"Glas, Kunststof",Nee,0,Nee,Mono,3 GB,32 GB,Ja,400 GB,Ja,Nano sim,Ja,"5,86 inch",1520 px,720 px,287 ppi,HD Ready (720p),IPS - LCD,Ja
hon_812411,812411,51092KVQ,Honor,Honor 7A Zwart,Nog niet bekend,0,Android,Android 8.0 Oreo,"15,24 cm","7,3 cm","0,78 cm",150 g,Zwart,Metaal,Nee,0,Nee,Mono,2 GB,16 GB,Ja,256 GB,Ja,Nano sim,Ja,"5,7 """,720 px,1440 px,283 ppi,HD Ready (720p),IPS - LCD,Ja
son_827306,827306,1318-6331,Sony,Sony Xperia L3 Goud,Nog niet bekend,0,Android,Android 8.0 Oreo,"15,4 cm","7,2 cm","0,89 cm",156 g,Goud,Glas,Nee,0,Nee,Stereo,3 GB,32 GB,Ja,512 GB,Ja,Nano sim,Nee,"5,7 inch",1440 px,720 px,282 ppi,HD Ready (720p),IPS - LCD,Ja
opp_825253,825253,CPH1837BK,Oppo,Oppo A3 Zwart,Nog niet bekend,0,Android,Android 8.1 Oreo,"15,6 cm","7,53 cm","0,78 cm",159 g,Zwart,"Glas, Kunststof",Nee,0,Nee,Stereo,4 GB,128 GB,Ja,256 GB,Ja,Nano sim,Ja,"6,2 inch",2280 px,1080 px,405 ppi,Full HD (1080p),IPS - LCD,Nee
mot_805279,805279,PA9W0048NL,Motorola,Motorola Moto G6 Play Blauw,B,"0,65 W/kg",Android,Android 8.0 Oreo,"15,44 cm","7,22 cm","0,9 cm",173 g,Blauw,Glas,Nee,0,Nee,Stereo,3 GB,32 GB,Ja,128 GB,Ja,Nano sim,Ja,"5,7 """,1440 px,720 px,282 ppi,HD Ready (720p),IPS - LCD,Ja
son_802502,802502,1313-6463,Sony,Sony Xperia XA2 Ultra Zwart,B,"0,41 W/kg",Android,Android 8.0 Oreo,"16,2 cm",8 cm,"0,95 cm",210 g,Zwart,Metaal,Nee,0,Nee,Mono,4 GB,32 GB,Ja,256 GB,Ja,Nano sim,Nee,"6 """,1920 px,1080 px,367 ppi,Full HD (1080p),IPS - LCD,Ja
mot_794422,794422,PA6V0100NL,Motorola,Motorola Moto G5S Plus Goud,C,"1,19 W/kg",Android,Android 7.1 Nougat,"15,3 cm","7,6 cm","0,9 cm",168 g,Goud,Metaal,Nee,0,Nee,Stereo,4 GB,32 GB,Ja,128 GB,Ja,Nano sim,Ja,"5,5 """,1920 px,1080 px,401 ppi,Full HD (1080p),IPS - LCD,Ja
opp_825260,825260,CPH1837SR,Oppo,Oppo A3 Zilver,Nog niet bekend,0,Android,Android 8.1 Oreo,"15,6 cm","7,53 cm","0,78 cm",159 g,Zilver,"Glas, Kunststof",Nee,0,Nee,Stereo,4 GB,128 GB,Ja,256 GB,Ja,Nano sim,Ja,"6,2 inch",2280 px,1080 px,405 ppi,Full HD (1080p),IPS - LCD,Nee
cro_789055,789055,CRS-TRM1C.BO.AR045,CrossCall,Crosscall Trekker M1 Core Zwart/Rood,B,"0,523 W/kg",Android,Android 6.0 Marshmallow,"14,7 cm","7,7 cm","1,5 cm",220 g,"Rood, Zwart",Kunststof,Ja,IP67,Ja,Mono,2 GB,16 GB,Ja,128 GB,Ja,Micro sim,Ja,"4,5 """,720 px,1280 px,300 ppi,HD Ready (720p),TFT,Ja
sam_794607,794607,SM-J730FZKDPHN,Samsung,Samsung Galaxy J7 (2017) Dual Sim Zwart,B,"0,567 W/kg",Android,Android 7.0 Nougat,"15,25 cm","7,49 cm","0,8 cm",178 g,Zwart,Metaal,Nee,0,Nee,Mono,3 GB,16 GB,Ja,256 GB,Ja,Nano sim,Ja,"5,5 """,1920 px,1080 px,"400,53 ppi",Full HD (1080p),AMOLED,Ja
hon_822035,822035,51092XXH,Honor,Honor 8X 128 GB Blauw,Nog niet bekend,0,Android,Android 8.1 Oreo,16 cm,"7,6 cm","0,8 cm",175 g,Blauw,Glas,Nee,0,Nee,Stereo,4 GB,128 GB,Ja,400 GB,Ja,Nano sim,Ja,"6,5 """,2340 px,1080 px,397 ppi,Full HD (1080p),IPS - LCD,Ja
mot_769077,769077,SM4454AC3W6,Motorola,Motorola Moto G5 Plus Grijs,D,"1,45 W/kg",Android,Android 7.0 Nougat,"15,02 cm","7,4 cm","0,77 cm",155 g,Grijs,Metaal,Nee,,Nee,Mono,3 GB,32 GB,Ja,128 GB,Ja,Nano sim,Ja,"5,2 """,1920 px,1080 px,424 ppi,Full HD (1080p),IPS - LCD,Ja
sam_812166,812166,SM-A605FZKNPHN,Samsung,Samsung Galaxy A6 Plus (2018) Zwart,B,"0,487 W/kg",Android,Android 8.0 Oreo,"16,01 cm","7,57 cm","0,79 cm",191 g,Zwart,Metaal,Nee,0,Nee,Mono,3 GB,32 GB,Ja,512 GB,Ja,Nano sim,Ja,"6 """,2220 px,1080 px,411 ppi,Full HD (1080p),AMOLED,Ja
hua_829090,829090,51093MGE,Huawei,Huawei Y6 (2019) Dual Sim Blauw,Nog niet bekend,0,Android,Android 9.0 Pie,"15,6 cm","7,35 cm","0,8 cm",150 g,Blauw,Kunststof,Nee,0,Nee,Mono,2 GB,32 GB,Ja,512 GB,Ja,Nano sim,Ja,"6,088 """,1560 px,720 px,282 ppi,HD Ready (720p),IPS - LCD,Ja
hua_829091,829091,51093MGJ,Huawei,Huawei Y6 (2019) Dual Sim Bruin,Nog niet bekend,0,Android,Android 9.0 Pie,"15,6 cm","7,35 cm","0,8 cm",150 g,Bruin,Kunststof,Nee,0,Nee,Mono,2 GB,32 GB,Ja,512 GB,Ja,Nano sim,Ja,"6,088 """,1560 px,720 px,282 ppi,HD Ready (720p),IPS - LCD,Ja
son_827305,827305,1318-6329,Sony,Sony Xperia L3 Zilver,Nog niet bekend,0,Android,Android 8.0 Oreo,"15,4 cm","7,2 cm","0,89 cm",156 g,Zilver,Glas,Nee,0,Nee,Stereo,3 GB,32 GB,Ja,512 GB,Ja,Nano sim,Nee,"5,7 inch",1440 px,720 px,282 ppi,HD Ready (720p),IPS - LCD,Ja
mot_793113,793113,PA8X0015NL,Motorola,Motorola Moto X4 Zilver,C,"1,16 W/kg",Android,Android 7.1 Nougat,"14,8 cm","7,34 cm","0,95 cm","165,5 g",Zilver,Metaal,Ja,IP68,Nee,Stereo,4 GB,64 GB,Ja,256 GB,Ja,Nano sim,Ja,"5,2 """,1920 px,1080 px,424 ppi,Full HD (1080p),IPS - LCD,Ja
mot_783249,783249,PA700051NL,Motorola,Motorola Moto E4 Plus Goud,C,"1,04 W/kg",Android,Android 7.1 Nougat,"15,5 cm","7,7 cm","0,9 cm",198 g,"Goud, Grijs","Kunststof, Metaal",Nee,0,Nee,Stereo,3 GB,16 GB,Ja,128 GB,Ja,Nano sim,Ja,"5,5 """,720 px,1280 px,267 ppi,HD Ready (720p),IPS - LCD,Ja
asu_817610,817610,ZB602KL-4A021EU,Asus,Asus Zenfone Max Pro Zwart,Nog niet bekend,0,Android,Android 8.1 Oreo,"15,9 cm","7,6 cm","0,44 cm",180 g,Zwart,Kunststof,Nee,0,Nee,Mono,4 GB,64 GB,Ja,512 GB,Ja,Nano sim,Ja,"5,99 """,1080 px,2160 px,404 ppi,Full HD (1080p),IPS - LCD,Ja
asu_817613,817613,ZB602KL-4H022EU,Asus,Asus Zenfone Max Pro Zilver,Nog niet bekend,0,Android,Android 8.1 Oreo,"15,9 cm","7,6 cm","0,44 cm",180 g,Zilver,Kunststof,Nee,0,Nee,Mono,4 GB,64 GB,Ja,512 GB,Ja,Nano sim,Ja,"5,99 """,1080 px,2160 px,404 ppi,Full HD (1080p),IPS - LCD,Ja
hon_812402,812402,51092LRG,Honor,Honor 10 64 GB Blauw,Nog niet bekend,0,Android,Android 8.1 Oreo,"14,9 cm","7,12 cm","0,77 cm",153 g,Blauw,Glas,Nee,0,Nee,Mono,4 GB,64 GB,Nee,0,Ja,Nano sim,Ja,"5,84 """,2280 px,1080 px,432 ppi,Full HD (1080p),IPS - LCD,Ja
asu_790332,790332,90AK0021-M00070,Asus,Asus Zenfone AR Zwart,B,"0,85 W/kg",Android,Android 7.1 Nougat,"15,8 cm","7,9 cm",,170 g,Zwart,Metaal,Nee,0,Nee,Stereo,6 GB,128 GB,Ja,256 GB,Ja,Nano sim,Ja,"5,7 """,2560 px,1440 px,551 ppi,Quad HD (1440p),AMOLED,Ja
hon_812400,812400,51092LRH,Honor,Honor 10 64 GB Zwart,Nog niet bekend,0,Android,Android 8.1 Oreo,"14,9 cm","7,12 cm","0,77 cm",153 g,Zwart,Glas,Nee,0,Nee,Mono,4 GB,64 GB,Nee,0,Ja,Nano sim,Ja,"5,84 """,2280 px,1080 px,432 ppi,Full HD (1080p),IPS - LCD,Ja
hon_812403,812403,51092LRJ,Honor,Honor 10 64 GB Grijs,Nog niet bekend,0,Android,Android 8.1 Oreo,"14,9 cm","7,12 cm","0,77 cm",153 g,Grijs,Glas,Nee,0,Nee,Mono,4 GB,64 GB,Nee,0,Ja,Nano sim,Ja,"5,84 """,2280 px,1080 px,432 ppi,Full HD (1080p),IPS - LCD,Ja
hua_0,0,0,Huawei,Huawei P10 Zwart,C,"0,99 W/kg",Android,Android 7.0 Nougat,"14,53 cm","6,93 cm","0,7 cm",145 g,Zwart,Metaal,Nee,0,Nee,Mono,4 GB,64 GB,Ja,256 GB,Ja,Nano sim,Nee,"5,1 """,1920 px,1080 px,432 ppi,Full HD (1080p),IPS - LCD,Ja
hon_812407,812407,51092CRW,Honor,Honor 9 Lite Zwart,Nog niet bekend,0,Android,Android 8.0 Oreo,"7,19 cm","71,9 mm","0,76 cm",149 g,Zwart,Glas,Nee,0,Nee,Mono,3 GB,32 GB,Ja,256 GB,Ja,Nano sim,Ja,"5,65 """,1080 px,2160 px,428 ppi,Full HD (1080p),IPS - LCD,Ja
nok_817751,817751,11CO2L01A08,Nokia,Nokia 5.1 Blauw,Nog niet bekend,0,Android,Android 8.0 Oreo,"15,1 cm","7,07 cm","0,82 cm",160 g,Blauw,Metaal,Nee,0,Ja,Mono,2 GB,16 GB,Ja,128 GB,Ja,Nano sim,Ja,"5,5 """,1080 px,2160 px,439 ppi,Full HD (1080p),IPS - LCD,Ja
mot_769059,769059,PA610000NL,Motorola,Motorola Moto G5 Grijs,B,"0,46 W/kg",Android,Android 7.0 Nougat,"14,43 cm","7,3 cm","0,95 cm","144,5 g",Grijs,Metaal,Nee,,Nee,Mono,3 GB,16 GB,Ja,128 GB,Ja,Nano sim,Ja,"5 """,1920 px,1080 px,441 ppi,Full HD (1080p),IPS - LCD,Ja
sam_784114,784114,SM-J330FZKNPHN,Samsung,Samsung Galaxy J3 (2017) Zwart,C,"0,94 W/kg",Android,Android 7.0 Nougat,"14,3 cm",7 cm,"0,8 cm",148 g,Zwart,Metaal,Nee,0,Nee,Mono,2 GB,16 GB,Ja,256 GB,Ja,Nano sim,Nee,"5 """,1280 px,720 px,294 ppi,HD Ready (720p),IPS - LCD,Ja
hua_0,0,0,Huawei,Huawei Mate 9 Grijs,Nog niet bekend,0,Android,Android 7.0 Nougat,"15,69 cm","7,8 cm","0,79 cm",190 g,Grijs,Metaal,Nee,0,Nee,0,4 GB,64 GB,Ja,256 GB,Ja,Nano sim,Ja,"5,9 """,1920 px,1080 px,373 ppi,Full HD (1080p),IPS - LCD,Ja
hua_0,0,0,Huawei,Huawei Mate 9 Zwart,C,"1,36 W/kg",Android,Android 7.0 Nougat,"15,69 cm","7,89 cm","0,79 cm",190 g,Zwart,Metaal,Nee,0,Nee,Stereo,4 GB,64 GB,Ja,256 GB,Ja,Nano sim,Ja,"5,9 """,1920 px,1080 px,373 ppi,Full HD (1080p),IPS - LCD,Ja
hua_749401,749401,51090VQY,Huawei,Huawei Mate 9 Zilver,Nog niet bekend,0,Android,Android 7.0 Nougat,"15,69 cm","7,8 cm","0,79 cm",190 g,Zilver,Metaal,Nee,0,Nee,Stereo,4 GB,64 GB,Ja,256 GB,Ja,Nano sim,Ja,"5,9 """,1920 px,1080 px,373 ppi,Full HD (1080p),IPS - LCD,Ja
hon_812409,812409,51092CRX,Honor,Honor 9 Lite Blauw,Nog niet bekend,0,Android,Android 8.0 Oreo,"7,19 cm","7,19 cm","0,76 cm",149 g,Blauw,Glas,Nee,0,Nee,Mono,3 GB,32 GB,Ja,256 GB,Ja,Nano sim,Ja,"5,65 """,1080 px,2160 px,428 ppi,Full HD (1080p),IPS - LCD,Ja
hua_829116,829116,51093MGG,Huawei,Huawei Y6 (2019) Dual Sim Zwart,Nog niet bekend,0,Android,Android 9.0 Pie,"15,6 cm","7,35 cm","0,8 cm",150 g,Zwart,Kunststof,Nee,0,Nee,Mono,2 GB,32 GB,Ja,512 GB,Ja,Nano sim,Ja,"6,088 """,1560 px,720 px,282 ppi,HD Ready (720p),IPS - LCD,Ja
nok_817777,817777,11CO2M01A08,Nokia,Nokia 5.1 Koper,Nog niet bekend,0,Android,Android 8.0 Oreo,"15,1 cm","7,07 cm","0,82 cm",160 g,Koper,Metaal,Nee,0,Ja,Mono,2 GB,16 GB,Ja,128 GB,Ja,Nano sim,Ja,"5,5 """,1080 px,2160 px,439 ppi,Full HD (1080p),IPS - LCD,Ja
rug_828695,828695,99301010,Ruggear,RugGear RG160 Zwart,Nog niet bekend,0,Android,Android 4.4 Kitkat,"12,9 cm",6 cm,"1,7 cm",137 g,Zwart,Kunststof,Ja,IP68,Ja,Mono,"0,5 GB",4 GB,Ja,32 GB,Ja,Nano sim,Ja,"2,4 """,320 px,240 px,167 ppi,SD,TFT,Ja
mot_783248,783248,PA750049NL,Motorola,Motorola Moto E4 Grijs,C,"1,19 W/kg",Android,Android 7.1 Nougat,"14,4 cm","7,2 cm","0,9 cm",151 g,Grijs,"Kunststof, Metaal",Nee,0,Nee,Stereo,2 GB,16 GB,Ja,128 GB,Ja,Nano sim,Ja,"5 """,720 px,1280 px,294 ppi,HD Ready (720p),IPS - LCD,Ja
app_773362,773362,MP882DN/A,Apple,Apple iPhone SE 128GB Goud,D,"1,59 W/kg",iOS,iOS 11,"12,38 cm","5,86 cm","0,76 cm",113 g,Goud,Metaal,Nee,0,Nee,Mono,2 GB,128 GB,Nee,0,Ja,Nano sim,Nee,"4 """,1136 px,640 px,326 ppi,HD Ready (720p),IPS - LCD,Ja
sam_698243,698243,SM-G930FZDAPHN,Samsung,Samsung Galaxy S7 Goud,A,"0,279 W/kg",Android,Android 7.0 Nougat,"14,24 cm","6,9 cm","0,79 cm",152 g,Goud,"Glas, Metaal",Ja,IP68,Nee,Mono,4 GB,32 GB,Ja,256 GB,Ja,Nano sim,Nee,"5,1 """,2560 px,1440 px,576 ppi,Quad HD (1440p),AMOLED,Ja
mot_783238,783238,PA800082NL,Motorola,Motorola Moto C Plus Zwart,D,"1,25 W/kg",Android,Android 7.0 Nougat,"14,4 cm","7,2 cm",1 cm,162 g,Zwart,Kunststof,Nee,0,Nee,Mono,1 GB,16 GB,Ja,32 GB,Ja,Nano sim,Nee,"5 """,720 px,1280 px,294 ppi,HD Ready (720p),IPS - LCD,Ja
sam_759479,759479,SM-A520FZKAPHN,Samsung,Samsung Galaxy A5 (2017) Zwart,D,"1,39 W/kg",Android,Android 7.0 Nougat,"14,61 cm","7,1 cm","0,79 cm",157 g,Zwart,"Glas, Metaal",Ja,IP68,Nee,Mono,3 GB,32 GB,Ja,256 GB,Ja,Nano sim,Nee,"5,2 """,1920 px,1080 px,424 ppi,Full HD (1080p),AMOLED,Ja
nok_806024,806024,N7PLUS-WHT,Nokia,Nokia 7 Plus Wit,Nog niet bekend,0,Android,Android 9.0 Pie,"15,84 cm","7,56 cm","0,96 cm",183 g,Wit,Metaal,Nee,0,Nee,Mono,4 GB,64 GB,Ja,256 GB,Ja,Nano sim,Ja,"6 """,2160 px,1080 px,403 ppi,Full HD (1080p),IPS - LCD,Ja
wik_712912,712912,WILENNY3-GRY,Wiko,Wiko Lenny 3 Dual SIM,A,"0,358 W/kg",Android,Android 6.0 Marshmallow,"14,5 cm","7,3 cm","0,99 cm",177 g,Grijs,Metaal,Nee,0,Nee,Mono,1 GB,16 GB,Ja,64 GB,Ja,Micro sim,Ja,"5 """,1280 px,720 px,294 ppi,HD Ready (720p),TFT,Ja
sam_783286,783286,SM-J530FZDDLUX,Samsung,Samsung Galaxy J5 (2017) Dual Sim Goud,A,"0,192 W/kg",Android,Android 7.0 Nougat,"14,62 cm","7,13 cm","0,79 cm",150 g,Goud,Metaal,Nee,0,Nee,Mono,2 GB,16 GB,Ja,256 GB,Ja,Nano sim,Ja,"5,2 """,1280 px,720 px,282 ppi,HD Ready (720p),AMOLED,Ja
sam_783293,783293,SM-J530FZSDLUX,Samsung,Samsung Galaxy J5 (2017) Dual Sim Blauw,A,"0,192 W/kg",Android,Android 7.0 Nougat,"14,62 cm","7,13 cm","0,79 cm",150 g,Blauw,Metaal,Nee,0,Nee,Mono,2 GB,16 GB,Ja,256 GB,Ja,Nano sim,Ja,"5,2 """,1280 px,720 px,282 ppi,HD Ready (720p),AMOLED,Ja
